name,type_final,gender_final,n_mentions,n_docs
Václav MORAVEC,M1,M,2370,66
Daniel TAKÁČ,M1,M,2077,95
Zuzana TVARŮŽKOVÁ,M1,F,1807,81
Jiří VÁCLAVEK,M1,M,1584,126
Jakub ŽELEZNÝ,M1,M,1481,149
Lukáš DOLANSKÝ,M1,M,1323,88
Světlana WITOWSKÁ,M1,F,1239,108
Michaela JÍLKOVÁ,M1,F,1022,11
Martin ŘEZNÍČEK,M1,M,1020,166
Richard BRABEC,M6,M,894,126
Tomáš DRAHOŇOVSKÝ,M1,M,834,109
Daniel STACH,M1,M,809,20
Michal KUBAL,M1,M,736,132
David BOREK,M1,M,729,47
Hana SCHARFFOVÁ,M1,F,634,194
Daniela PÍSAŘOVICOVÁ,M1,F,630,109
Marcela AUGUSTOVÁ,M1,F,610,127
Linda BARTOŠOVÁ,M1,F,484,123
Bohumil KLEPETKO,M1,M,481,38
Barbora KROUŽKOVÁ,M1,F,445,36
Marian JUREČKA,M6,M,425,53
Jana PEROUTKOVÁ,M1,F,395,86
Michal ŽÁK,M3,M,371,57
Tereza ŘEZNÍČKOVÁ,M1,F,344,7
Josef ELSTER,M5,M,314,5
Roman FOJTA,M1,M,310,181
Andrej BABIŠ,M6,M,307,126
Tomáš ŠPONAR,M1,M,295,104
Dana ZLATOHLÁVKOVÁ,M1,F,286,84
Milada MCGRATHOVÁ,M1,F,265,58
Martin JONÁŠ,M1,M,233,71
Lubomír ZAORÁLEK,M6,M,227,18
Milan BRUNCLÍK,M1,M,218,40
Václav ČERNOHORSKÝ,M1,M,202,49
Petr FIALA,M6,M,199,16
Karel HAVLÍČEK,M6,M,198,30
Jakub SZÁNTÓ,M1,M,198,87
Václav CÍLEK,M3,M,178,12
Katarína SEDLÁČKOVÁ,M1,F,173,40
Pavel KARAS,M3,M,169,10
Václav BARTUŠKA,M6,M,168,5
Jaroslav KUBERA,M6,M,165,13
Jan ŠILHAN,M1,M,160,45
Miroslav TOMAN,M6,M,158,23
Drahoslav RYBA,M5,M,158,3
Bohumil VOSTAL,M1,M,156,49
Luděk NIEDERMAYER,M6,M,155,11
Jan KOCOUREK,M1,M,154,32
Daniela DRTINOVÁ,M1,F,154,7
Miloš VYSTRČIL,M6,M,150,13
Bedřich MOLDAN,M5,M,150,15
Jan ROVENSKÝ,M5,M,148,5
Mikuláš PEKSA,M6,M,142,14
David MIŘEJOVSKÝ,M1,M,141,46
Donald TRUMP,M6,M,141,101
Alexander TOMSKÝ,M3,M,140,1
Jan PRETEL,M3,M,136,9
Josef STŘEDULA,M6,M,135,8
Michala HERGETOVÁ,M1,F,135,12
Pavel KOVÁČIK,M6,M,132,10
Radim TOLASZ,M3,M,128,20
Iva KUBANKOVÁ,M1,F,127,34
Jan ZAHRADNÍK,M6,M,121,17
Tomáš HUDEČEK,M6,M,119,1
Josef VOJÁČEK,M5,M,115,7
Oliver JAHN,M1,M,115,31
Michaela NOVÁKOVÁ,M1,F,113,8
Vladimír DLOUHÝ,M6,M,113,5
Mark RIEDER,M5,M,110,12
Ivan BARTOŠ,M6,M,109,19
Mirek TOPOLÁNEK,M6,M,107,7
Dana DRÁBOVÁ,M6,F,107,8
Alena SCHILLEROVÁ,M6,F,107,4
Blanka ZÁVITKOVSKÁ,M1,F,106,27
Barbora ŠÁMALOVÁ,M1,F,104,33
Jaroslav MÍL,M6,M,100,5
Petr GAZDÍK,M6,M,100,16
Barbora MAXOVÁ,M1,F,99,19
Věra JOUROVÁ,M6,F,97,16
Alexandr VONDRA,M6,M,95,10
Jaroslav BŽOCH,M6,M,94,5
Petr ZAVADIL,M1,M,94,21
Taťána MÍKOVÁ,M3,F,92,20
Klára BAZALOVÁ,M1,F,92,7
Jaroslav FALTÝNEK,M6,M,91,4
Bohuslav SOBOTKA,M6,M,90,43
Ivan PILNÝ,M6,M,89,5
Barack OBAMA,M6,M,89,68
Alena ZÁRYBNICKÁ,M1,F,87,15
Miroslav BÁRTA,M3,M,86,5
Daniel BENEŠ,M5,M,86,7
Michal BĚLKA,M1,M,85,19
Marie ŠABACKÁ,M3,F,85,3
Zdeněk SKOKAN,M1,M,83,11
Ivo MATHÉ,M5,M,82,1
Joe BIDEN,M6,M,82,66
Václav BĚLOHRADSKÝ,M3,M,80,4
Vendula HORNÍKOVÁ,M1,F,80,7
Dana BALCAROVÁ,M6,F,80,16
Pavel ŠIMEK,M1,M,79,15
Jaroslav BAŠTA,M6,M,78,4
Radek VONDRÁČEK,M6,M,78,9
Ivana ŠMELOVÁ,M1,F,78,26
Alexander AČ,M3,M,78,13
Vojtěch FILIP,M6,M,77,14
Jiří KOBZA,M6,M,76,4
Peter SINGER,M3,M,76,1
Martin PÝCHA,M6,M,74,8
Jana BÍLEK MAREČKOVÁ,M1,F,73,61
Robert FULGHUM,M5,M,73,1
Jan ŠMÍD,M1,M,73,24
Angela MERKELOVÁ,M6,F,73,62
Zdeněk VELÍŠEK,M1,M,72,17
Tereza STÁRKOVÁ,M1,F,72,11
Jiří POSPÍŠIL,M6,M,72,10
Michal BROŽA,M5,M,71,3
Ondřej NEKOLA,M1,M,71,14
Tereza KRUČINSKÁ,M1,F,71,48
Daniel PROKOP,M3,M,70,4
Miloš ZEMAN,M6,M,70,33
Radek MÁTL,M5,M,70,2
Kateřina ETRYCHOVÁ,M1,F,70,24
Jan HAMÁČEK,M6,M,69,16
Ondřej TOPINKA,M1,M,69,67
Miroslav ŠEVČÍK,M5,M,69,1
Radovan DANĚK,M1,M,68,17
Antonín PRACHAŘ,M6,M,67,1
Mikuláš BEK,M6,M,66,6
Tomáš CHALUPA,M6,M,66,3
Jan MRKVIČKA,M5,M,65,1
Jane GOODALLOVÁ,M3,F,64,4
Boris JOHNSON,M6,M,64,45
Eva PLÁNIČKOVÁ,M1,F,64,2
Tereza BERNARDOVÁ,M6,F,64,1
Jan DAŇHELKA,M3,M,63,3
Aleš CHMELAŘ,M5,M,62,7
Zuzana PETRŮ,M1,F,62,21
Martin TYBUREC,M1,M,61,15
António GUTERRES,M6,M,61,56
Veronika GECOVÁ,M1,F,61,13
Klára DOSTÁLOVÁ,M6,F,61,2
Patrik MLYNÁŘ,M5,M,61,7
Jan MLÁDEK,M6,M,61,7
Josef MICHL,M3,M,61,1
Miroslav TRNKA,M3,M,60,8
Karel SCHWARZENBERG,M6,M,59,7
Lukáš MATHÉ,M1,M,59,19
Marek SLAVÍK,M1,M,59,13
Barbora ŽÍTKOVÁ,M1,F,58,10
Alexandr MITROFANOV,M1,M,57,1
Martin HÁJEK,M5,M,57,1
Jan ZAHRADIL,M6,M,57,12
Jan BARTOŠEK,M6,M,56,3
Senátu PČR,M6,M,56,2
Petr VAŠEK,M1,M,56,7
Michael ŽANTOVSKÝ,M6,M,55,4
Andreas PAPADOPULOS,M1,M,54,13
Veronika HEŠÍKOVÁ,M1,F,54,12
Radim FIALA,M6,M,54,4
Tomio OKAMURA,M6,M,54,13
Petr SKLENIČKA,M5,M,54,6
Martin PŮTA,M6,M,54,7
Markéta GREGOROVÁ,M6,F,53,2
Petra TUHÁČKOVÁ,M1,F,53,47
Greta THUNBERGOVÁ,M5,F,53,36
Šimon PÁNEK,M5,M,52,2
Jan ŘÁPEK,M1,M,52,12
Tomáš PROUZA,M6,M,52,3
Šádí SHANAÁH,M3,M,52,1
Tomáš PETŘÍČEK,M6,M,51,16
Radek ŠPICAR,M6,M,51,6
Lucie KŘÍŽKOVÁ,M1,F,51,15
Jakub NETTL,M1,M,50,12
Radek HOLOMČÍK,M6,M,50,5
Jan FROUZ,M5,M,50,6
Vojtěch KOTECKÝ,M5,M,50,10
Pavel MERTLÍK,M5,M,50,2
Petr SOJKA,M1,M,49,8
Jan HRNČÍŘ,M6,M,48,4
Pavel PROŠEK,M5,M,48,2
Daniel SZÓRÁD,M5,M,48,11
Jakub VÁCHA,M1,M,48,16
Der LEYENOVÁ,M6,F,47,33
Ladislav OKLEŠTĚK,M6,M,47,1
Pavel ZAHRADNÍČEK,M3,M,47,13
David STORCH,M3,M,46,6
Matěj STROPNICKÝ,M6,M,46,2
Jan FARSKÝ,M6,M,46,5
Daniel PITEK,M2,M,46,4
Václav HAMPL,M6,M,45,2
Roman ONDERKA,M6,M,45,1
Tomáš VZOREK,M1,M,45,14
Magda FALTOVÁ,M5,F,45,1
Jana MAREČKOVÁ,M1,F,45,44
Marek BENDA,M6,M,45,6
Vladimír PISKALA,M1,M,45,10
Jan ŠVEJNAR,M5,M,44,3
Štěpánka MARTANOVÁ,M1,F,44,8
Pekarová ADAMOVÁ,M6,F,44,13
Václav KLAUS,M6,M,44,13
Jiří GRYGAR,M3,M,43,1
Pavel BĚLOBRÁDEK,M6,M,43,3
Petr NEČAS,M6,M,43,5
Pavel PUNČOCHÁŘ,M5,M,43,4
Zuzana TUNOVÁ,M1,F,42,3
Markéta RADOVÁ,M1,F,42,7
Jan MAJÍČEK,M6,M,41,1
Zuzana ČAPUTOVÁ,M6,F,41,14
Pavel SVOBODA,M6,M,41,4
Petr HAVEL,M5,M,40,4
Martin SEDLÁK,M5,M,40,6
Kateřina POLÁKOVÁ,M1,F,40,8
Jan PIRKL,M1,M,40,18
Dita CHARANZOVÁ,M6,F,39,7
Nikola TENEVOVÁ,M1,F,39,9
Jan LIPAVSKÝ,M6,M,39,3
Milan KŘÍSTEK,M5,M,38,1
Ludvík ŠULDA,M6,M,38,1
Robert PLAGA,M6,M,38,4
Martin LAŠTŮVKA,M1,M,38,8
Jan BERÁNEK,M1,M,38,7
Josef STEMBERK,M3,M,38,1
Josef KVASNIČKA,M1,M,38,10
Pavel ZÁMYSLICKÝ,M5,M,37,9
Tomáš SEDLÁČEK,M5,M,37,8
Michaela VALACHOVÁ,M3,F,37,1
Petr VALEČKO,M1,M,37,9
Ivo POJEZNÝ,M6,M,37,1
Donald TUSK,M6,M,37,34
Petr HORKÝ,M5,M,37,1
Pavel TELIČKA,M6,M,37,2
Vladimír ŠPIDLA,M6,M,37,4
Magdalena DAVIS,M6,F,37,2
Emmanuel MACRON,M6,M,37,37
Miloš ČAPEK,M6,M,37,1
Jakub HRUŠKA,M3,M,36,3
Zdeněk HŘIB,M6,M,36,8
Jan PIŇOS,M5,M,36,1
Danuše NERUDOVÁ,M6,F,36,1
Michael ROMANCOV,M3,M,36,8
Libor ROUČEK,M6,M,36,2
Jiří MILEK,M6,M,36,4
Martin MIKULE,M1,M,36,4
Jan BERÁNEK,M5,M,36,1
Adolf ŠLÁR,M4,M,36,1
Bedřich MOLDAN,M3,M,36,6
Monika FLEISCHMANNOVÁ,M1,F,36,9
Kateřina KONEČNÁ,M6,F,36,5
Filip ČERNÝ,M1,M,36,1
Jakub MICHÁLEK,M6,M,35,2
Petr KOZLÍČEK,M1,M,35,5
Vilma PARTYKOVÁ,M4,F,35,1
Martin TOLAR,M3,M,35,2
Jeffrey SACHS,M5,M,35,1
Martin BURSÍK,M6,M,35,6
Zdeněk ONDRÁČEK,M6,M,35,1
Petr HONZEJK,M1,M,35,3
David KASAL,M6,M,35,1
Daniel NÝVLT,M5,M,35,13
Pavel KOHOUT,M3,M,34,1
Ondřej KOLÁŘ,M6,M,34,4
Heřman ČADIL,M5,M,34,1
Radek ROZVORAL,M6,M,34,2
Bedřich MOLDAN,M6,M,34,3
Karel KLEM,M3,M,33,5
Ivan PILIP,M5,M,33,1
Tomáš HALENKA,M3,M,33,7
Miroslav KARAS,M1,M,33,7
Denisa KOTKOVÁ,M1,F,33,6
Petr OBROVSKÝ,M1,M,33,9
Ivan GABAL,M3,M,33,1
Ondřej BENEŠÍK,M6,M,33,5
Jan HRADECKÝ,M5,M,32,11
Mikuláš FERJENČÍK,M6,M,32,4
Luděk NIEDERMAYER,M5,M,32,2
Marek TURČÁNI,M5,M,32,7
Zdeněk JANDEJSEK,M6,M,32,5
Vladimír KEBLÚŠEK,M1,M,32,6
Tomáš KAFKA,M6,M,32,2
Petr KUBALA,M5,M,32,2
Jeremy CORBYN,M6,M,32,14
Pavla JAZAIRIOVÁ,M1,F,31,1
Iva JONÁŠOVÁ,M5,F,31,1
Vít RAKUŠAN,M6,M,31,13
Igor LUKEŠ,M3,M,31,2
Martin ROZUMEK,M5,M,31,1
Hana ČÁPOVÁ,M1,F,30,1
Ivan ADAMEC,M6,M,30,1
Zdeněk VERMOUZEK,M5,M,30,4
Lída RAKUŠANOVÁ,M1,F,30,1
René MAŠÍN,M6,M,30,1
Jan HOLLAN,M3,M,30,5
Tomáš JARKOVSKÝ,M6,M,30,1
Pavla DAŇKOVÁ,M1,F,29,7
Robert PELIKÁN,M6,M,29,2
Michaela ŠOJDROVÁ,M6,F,29,1
Martin JIRÁNEK,M6,M,29,3
Lenka NECHVÁTALOVÁ,M1,F,29,4
Jakub LANGHAMMER,M3,M,29,1
Tomáš KLVAŇA,M1,M,29,3
Bohumír JÁNSKÝ,M3,M,29,3
Antonín SCHUBERT,M6,M,28,2
Nikola REINDLOVÁ,M1,F,28,28
Vilém ŽÁK,M5,M,28,2
Jan PAČES,M3,M,28,1
Petr HORÁČEK,M5,M,28,1
Ivana BÁRTOVÁ,M1,F,28,17
Marek ČERNOCH,M6,M,28,2
Jan ČERNÝ,M5,M,28,1
Ludvík CIMBUREK,M5,M,28,1
Richard SAMKO,M1,M,27,7
Kateřina EHRENBERGEROVÁ,M1,F,27,6
Danuše NERUDOVÁ,M5,F,27,1
Michal MAREK,M5,M,27,9
Adriana DERGAM,M1,F,27,6
Zdeněk PETZL,M5,M,27,3
Miloš MENDEL,M3,M,27,1
Věslav MICHALIK,M6,M,27,1
Mariana NOVOTNÁ,M1,F,27,26
Kateřina CAJTHAMLOVÁ,M3,F,27,1
Zuzana MAJEROVÁ ZAHRADNÍKOVÁ,M6,F,27,2
Václav VÉVODA,M6,M,27,1
Martin ŠNAJDR,M1,M,26,6
Jakub RÁKOSNÍK,M3,M,26,1
Ivan RYNDA,M3,M,26,3
Martin KOVÁŘ,M3,M,26,2
Bohumil PEČINKA,M1,M,26,3
Jakub LANDOVSKÝ,M6,M,26,1
Barbora MĚCHUROVÁ,M1,F,26,6
Jan PAPEŽ,M6,M,26,2
Ladislav HYNEK,M6,M,26,1
Květa MATUŠOVSKÁ,M6,F,26,1
Martin VESELOVSKÝ,M1,M,26,1
Vladimir PUTIN,M6,M,26,21
David ČERMÁK,M5,M,26,1
Jan BIRKE,M6,M,25,1
Roman BÍLÝ,M5,M,25,1
Pavel PUNČOCHÁŘ,M6,M,25,3
Lukáš KOVANDA,M5,M,25,5
Anna MEZGEROVÁ,M1,F,25,1
Barbora BLAŽKOVÁ,M1,F,25,7
Vlastimil WEINER,M1,M,25,7
Jakub SZANTÓ,M1,M,25,8
Aneta BERÁNKOVÁ,M1,F,25,6
Jacques RUPNIK,M3,M,25,2
Jiří KOŽELOUH,M5,M,24,6
Jan GROLICH,M6,M,24,3
Vladimír KRCHOV,M5,M,24,4
Martin KUBA,M6,M,24,3
Pavel HUBENÝ,M5,M,24,2
Rudolf JINDRÁK,M5,M,24,2
Petr ŠÍPEK,M3,M,24,3
Jan TAMÁŠ,M6,M,23,1
Martin PAVEL,M1,M,23,1
Petr BENDL,M6,M,23,7
Martin SCHULZ,M6,M,23,5
Tomáš HALENKA,M6,M,23,2
Ivo VONDRÁK,M6,M,23,9
Michal ŠENK,M1,M,23,1
Veronika CHRAŠČOVÁ,M1,F,23,5
Guy VERHOFSTADT,M6,M,23,5
David KÁDNER,M6,M,23,1
Pavla ČAPKOVÁ,M1,F,23,3
Petr PAŘIL,M3,M,23,4
Adam KOLÁŘ,M1,M,23,6
Petra KLIMKOVÁ,M1,F,23,4
Adéla PACLÍKOVÁ,M1,F,22,2
Alena ŠÍROVÁ,M6,F,22,1
Jan KRÁL,M3,M,22,1
Martin BURSÍK,M5,M,22,2
Zuzana NEUVIRTOVÁ,M1,F,22,7
Robert ŠLACHTA,M6,M,22,2
Jana FABIANOVÁ,M1,F,22,9
Milena HRDINKOVÁ,M6,F,22,5
Jiří ČÁSLAVKA,M5,M,22,1
Martin PROS,M5,M,22,1
Ondřej KNOTEK,M6,M,22,6
Petr HAVEL,M6,M,22,1
Pavel POC,M6,M,22,2
Martin TOPINKA,M3,M,21,1
Kateřina PROCHÁZKOVÁ,M1,F,21,4
Michael FIALA,M1,M,21,2
Lenka TESKA ARNOŠTOVÁ,M5,F,21,1
Vítězslav KREMLÍK,M5,M,21,1
Jan ZIKA,M1,M,21,21
Jakub PACNER,M1,M,21,17
Martina TLACHOVÁ,M1,F,21,6
Klára SUTLOVIČOVÁ,M5,F,21,4
Petr ZAHRADNÍK,M5,M,21,5
Jan ČERNÝ,M1,M,21,7
Petr STUCHLÍK,M6,M,21,1
Karel DRBAL,M3,M,21,2
Marcel KOLAJA,M6,M,21,5
Jan KRAJHANZL,M3,M,21,4
Veronika KABÁTOVÁ,M1,F,21,3
Stanislav POLČÁK,M6,M,21,3
Jana HYBÁŠKOVÁ,M6,F,20,1
Ladislav METELKA,M3,M,20,3
Ladislav MACHALA,M3,M,20,1
Jitka SZÁSZOVÁ,M1,F,20,4
Jakub HORT,M3,M,20,1
Hynek BLAŠKO,M6,M,20,1
Ivan LUKÁŠ,M1,M,20,3
Dan JIRÁNEK,M5,M,20,2
Petra JELÍNKOVÁ,M5,F,20,1
Zdeněk FUČÍK,M1,M,20,4
Francois HOLLANDE,M6,M,20,20
Miroslav ZÁMEČNÍK,M5,M,20,2
Renata MALÍKOVÁ,M1,F,20,4
Anna HUBÁČKOVÁ,M6,F,20,10
Daniel ANÝŽ,M1,M,20,2
Radka MAXOVÁ,M6,F,20,1
Jan SKOPEČEK,M6,M,20,7
Iveta RADIČOVÁ,M3,F,19,1
René NEDĚLA,M5,M,19,5
Lumír NĚMEC,M6,M,19,1
Jan PAVLÍK,M3,M,19,2
Marek STONIŠ,M5,M,19,1
Alexander TOMSKÝ,M1,M,19,1
Alena ZÁRYBNICKÁ,M3,F,19,6
Jan DRAHOKOUPIL,M5,M,19,2
Pan KI MUN,M6,M,19,17
Petr MALÝ,M1,M,19,3
Petr BROD,M1,M,19,1
Martin KUPKA,M6,M,19,5
John KERRY,M6,M,19,16
Milan URBAN,M6,M,19,3
Zbyněk STANJURA,M6,M,18,10
Lukáš JELÍNEK,M5,M,18,2
Jan ŠVEJNAR,M3,M,18,1
Radka ZÍTKOVÁ,M1,F,18,4
Petra MUSILOVÁ,M1,F,18,4
Hnutí DUHA,?,M,18,6
Hanuš HANSLÍK,M1,M,18,1
Jiří SVOBODA,M3,M,18,1
Petr ROBEJŠEK,M3,M,18,2
Vratislav JANDA,M5,M,18,1
Roman GAZDÍK,M1,M,18,3
Luděk PRUDIL,M5,M,18,3
Jiří PAYNE,M5,M,18,1
Kristina CIROKOVÁ,M1,F,18,2
Si ŤIN PCHING,M6,M,18,17
Karel MATĚJKA,M3,M,18,3
Martin FREUND,M6,M,18,1
Bořivoj HNÍZDO,M3,M,18,4
Traian URBAN,M3,M,18,2
Ondřej VESELÝ,M6,M,18,4
Lucie KUČEROVÁ,M1,F,18,5
Eva SPÁČILOVÁ,M1,F,18,4
Miloslava HÁLOVÁ,M3,F,18,1
Jakub MUSIL,M1,M,18,4
Oleg DITRICH,M3,M,18,3
Zdeňka VÍCHOVÁ,M6,F,17,1
Petr ŠTĚPÁNEK,M6,M,17,2
Miroslav SINGER,M6,M,17,1
Eduard MUŘICKÝ,M5,M,17,2
Jaroslav ŠTEFEC,M5,M,17,1
František LAUDÁT,M6,M,17,4
Martin KLOZ,M5,M,17,1
Ondřej PUCZOK,M1,M,17,3
Katarína FAGOŠOVÁ,M1,F,17,4
Pavel PODRUH,M2,M,17,1
Josef KRAUS,M5,M,17,1
Jana ŠRÁMKOVÁ,M1,F,17,4
Martin DONÁT,M1,M,17,5
Markéta ŽIŽKOVÁ,M1,F,17,3
Daniel ANÝŽ,M5,M,17,1
Vladimír BAAR,M3,M,17,2
Veronika PITROVÁ,M1,F,17,4
Martin LEIŠ,M5,M,17,1
Kateřina JIROVSKÁ,M1,F,17,5
Josef PAZDERKA,M1,M,17,5
Pavel BOROVIČKA,M3,M,17,5
Milan ŠARAPATKA,M6,M,17,1
Jan RAFAJ,M6,M,17,2
Radim TOLASZ,M5,M,17,6
Marie PĚNČÍKOVÁ,M6,F,17,4
Zdeněk ŽALUD,M3,M,17,3
Ivanna ILLYENKO,M2,F,17,1
Radim HOLIŠ,M6,M,16,1
Markéta KUTILOVÁ,M1,F,16,1
Pavla KRŮČKOVÁ,M1,F,16,4
Václav HLAVÁČEK,M6,M,16,3
Jan REMEŠ,M5,M,16,1
Theresa MAYOVÁ,M6,F,16,11
David RÝVA,M3,M,16,2
Bohumír JANSKÝ,M3,M,16,3
Daniel KROUPA,M3,M,16,3
David ATTENBOROUGH,M3,M,16,9
Veronika HOLCNEROVÁ,M5,F,16,1
Martin SMOLEK,M5,M,16,2
Olaf SCHOLZ,M6,M,16,12
Tomáš CHMELÍK,M5,M,16,3
Jaroslav HOLUŠA,M3,M,16,1
Jiří FRIML,M3,M,16,1
Ondřej HEJMA,M1,M,16,1
Lucie BOTOROVÁ,M1,F,16,5
Barbara WINTONOVÁ,M2,F,16,1
František ŠOPKO,M3,M,16,3
Lesy ČR,?,M,16,4
Dominika ŘEBÍKOVÁ,M1,F,16,5
Milan ŠÁLEK,M3,M,16,2
Petr KAMBERSKÝ,M1,M,16,3
Ondřej LIŠKA,M6,M,16,1
Aleš FARDA,M3,M,16,2
Adam VOJTĚCH,M6,M,16,6
Kryštof KOZÁK,M5,M,15,1
Otakar FOLTÝN,M5,M,15,2
Vojtěch VARYŠ,M1,M,15,1
Jakub LINKA,M1,M,15,3
Jiří MATOUŠEK,M6,M,15,1
Jiří PEHE,M3,M,15,3
Stanislav GROSPIČ,M6,M,15,5
Stanislav KOZLÍK,M6,M,15,2
Jiří UNGER,M3,M,15,1
Petr KOLÁŘ,M6,M,15,2
Erik TABERY,M5,M,15,4
Tomáš TYML,M3,M,15,3
Bohumil ŠIMEK,M6,M,15,1
Lubomír HAŠLÍK,M3,M,15,1
Jiří MALÍK,M6,M,15,1
Jaroslav ŠEBEK,M3,M,15,2
Ludmila HRDLIČKOVÁ,M2,F,15,1
Bohuslav CHALUPA,M5,M,15,1
Michal BERG,M6,M,15,1
Taťána MÍKOVÁ,M1,F,15,2
Jan ČIŽINSKÝ,M6,M,15,2
Milan KNÍŽÁK,M2,M,15,1
Andrea PAVELKOVÁ,M1,F,15,2
Tomáš JIRSA,M6,M,15,1
Blanka POULOVÁ,M1,F,14,5
Jan JEDLIČKA,M5,M,14,2
Tomáš JELÍNEK,M5,M,14,1
Martina ČELIŠOVÁ,M1,F,14,3
Petr KRATOCHVÍL,M5,M,14,1
Pavel KRČ,M5,M,14,1
Antonín PŘICHYSTAL,M3,M,14,2
Luboš DOSTÁL,M1,M,14,2
Martin BAXA,M6,M,14,1
Kristýna BŘEZOVSKÁ,M1,F,14,3
Johana BÁZLEROVÁ,M2,F,14,1
Valburga VAVŘINOVÁ,M3,F,14,1
Richard FRANC,M6,M,14,2
Michal CAGALA,M1,M,14,4
Petr PITHART,M6,M,14,2
Karolína JELÍNKOVÁ,M1,F,14,5
Pavel KALENDA,M3,M,14,1
František BERÁNEK,M2,M,14,1
Tomáš HAAS,M5,M,14,1
Luděk RŮŽIČKA,M2,M,14,1
Cyril SVOBODA,M6,M,14,3
Markéta ČERNÁ,M1,F,14,3
Martin RUSEK,M1,M,14,4
Margita BALAŠTÍKOVÁ,M6,F,14,2
Vítězslav KREMLÍK,M4,M,14,2
Miloslav LUDVÍK,M6,M,14,3
Jan PŘÍHODA,M6,M,14,3
Jan RÝDL,M1,M,13,1
Milan ŠTĚCH,M6,M,13,2
Pavel HABRAM,M1,M,13,3
Pavel FISCHER,M6,M,13,3
Erik KNAJFL,M1,M,13,2
Patrik NOVOTNÝ,M2,M,13,1
Alexandr AČ,M3,M,13,4
Vladimír HANDL,M3,M,13,1
Daniel HERMAN,M6,M,13,1
Michael ŽANTOVSKÝ,M5,M,13,3
Tomáš LERCH,M5,M,13,3
Tomáš HRNČÍŘ,M1,M,13,1
Martin RULÍK,M3,M,13,1
Vladimír DLOUHÝ,M5,M,13,1
Konference OSN,?,F,13,12
Matyáš KŘÍŽKOVSKÝ,M2,M,13,1
Jakub ŠTÁFEK,M2,M,13,1
Vladimír VLČEK,M5,M,13,1
Viktorie TENZEROVÁ,M5,F,13,3
Renata ALTOVÁ,M6,F,13,3
Zdeňka RYBOVÁ,M6,F,13,1
Jaroslav ZOULA,M1,M,13,4
Jaroslav HOLÍK,M6,M,13,2
Michal ŠNOBR,M5,M,13,3
Pavel KINDLMANN,M5,M,13,3
Petra KRMELOVÁ,M1,F,13,3
Nick ARCHER,M6,M,13,2
Jiří BĚHOUNEK,M6,M,13,3
Ondřej SOUKUP,M1,M,13,2
Ondřej GOLIS,M1,M,13,1
Helena DOHNALOVÁ,M1,F,13,4
Jakub KULHÁNEK,M6,M,13,7
Jan FOUSEK,M5,M,13,2
Jan HREŇO,M1,M,13,3
Ivan DAVID,M6,M,13,2
Zbyněk HRKAL,M3,M,13,1
Mark THOMPSON,M5,M,13,1
Martina JURIGOVÁ,M2,F,12,1
Ivana MALÁ,M1,F,12,6
Podle OSN,?,F,12,10
Jan KAVAN,M3,M,12,3
Jan CINA,M2,M,12,1
Jorga HRUŠKOVÁ,M1,F,12,8
Vladimír MANA,M5,M,12,1
Tomas KULIDAKIS,M3,M,12,1
Karel ŠŤASTNÝ,M3,M,12,1
Markéta ZEZULKOVÁ,M3,F,12,1
Martin MARGOLD,M3,M,12,2
Tomáš ZDECHOVSKÝ,M6,M,12,4
Lucie MOHYLOVÁ,M1,F,12,1
Ondřej ŠIMEČEK,M1,M,12,3
Patrik NACHER,M6,M,12,2
Pavel KAPLER,M5,M,12,5
Pavel KYSILKA,M5,M,12,1
Julia BRYANOVÁ,M6,F,12,1
Pavel DRAHOVZAL,M6,M,12,1
Šárka KROSOSKOVÁ,M1,F,12,2
Aneta SAVAROVÁ,M1,F,12,11
Václav DVOŘÁK,M5,M,12,2
Michal KUČERA,M6,M,12,6
Pavel SCHR TTER,M1,M,12,3
Jiří PŘIBÁŇ,M3,M,12,2
Ladislav VARADZIN,M3,M,11,2
Josef KOTT ANO,M6,M,11,1
Laurent FABIUS,M6,M,11,11
Ivan BREZINA,M3,M,11,1
Václav BAŽANT,M3,M,11,2
Tomáš NAHODIL,M5,M,11,1
Tomáš HAAS,M1,M,11,1
Libor TKÁČ,M5,M,11,1
Ciaran KELLY,M6,M,11,1
Dana FEMINOVÁ,M5,F,11,1
Kateřina GOLASOVSKÁ,M1,F,11,3
Milan CHOVANEC,M6,M,11,3
Leslie SKLAIR,M3,M,11,1
Ondřej SCHNEIDER,M1,M,11,2
Miloš VYSTRČIL,M5,M,11,1
Libor AMBROZEK,M6,M,11,4
Lea SUROVCOVÁ,M1,F,11,3
Leo LUZAR,M6,M,11,3
Pavel ŠOLC,M5,M,11,3
Pavel PAFKO,M6,M,11,1
Petr DVOŘÁK,M1,M,11,2
Jiří VODIČKA,M3,M,11,2
Garton ASH,M3,M,11,1
Jiří KLICPERA,M3,M,11,1
Jana KRUTÁKOVÁ,M6,F,11,3
Jan EICHLER,M5,M,11,1
Monika OBORNÁ,M6,F,11,1
Soňa JONÁŠOVÁ,M5,F,11,2
Ota MACHÁČEK,M2,M,11,1
Jaroslav ROŽNOVSKÝ,M5,M,11,1
Josef ČERMÁK,M5,M,11,1
Michel PEROTTINO,M5,M,11,1
Jukka PESOLA,M6,M,11,1
Jan KALAŠ,M6,M,11,1
Štěpán KŘEČEK,M5,M,11,2
Jan MAŘÍK,M5,M,11,1
Zdeněk MLNAŘÍK,M1,M,11,3
Zdeněk NYTRA,M6,M,10,1
Jan MATOUŠEK,M5,M,10,1
Přemysl ČECH,M1,M,10,1
Marek BABISZ,M6,M,10,1
Václav LIDICKÝ,M5,M,10,3
Mariana KOPECKÁ,M1,F,10,8
Andrea JANKOVCOVÁ,M5,F,10,1
Jan SCHILLER,M6,M,10,2
Jiří PETROVIČ,M1,M,10,8
Pavel LIPINA,M3,M,10,2
Pavel NOVOTNÝ,M1,M,10,2
Denis ŠTEFANISKO,M3,M,10,1
Jaroslav FOLDYNA,M6,M,10,1
Michal KLOKOČNÍK,M1,M,10,2
Michal KLÍMA,M3,M,10,1
Jaromír BLÁHA,M3,M,10,3
Vladimíra LESENSKÁ,M6,F,10,1
Helena LANGŠÁDLOVÁ,M6,F,10,2
Jakub LUDVÍK,M2,M,10,1
Michal LUKEŠ,M5,M,10,1
Karel TUREČEK,M6,M,10,1
Peter POMERANTSEV,M1,M,10,1
Jaroslav KLAŠKA,M6,M,10,1
Ladislav CABADA,M3,M,10,1
Kateřina KLASNOVÁ,M6,F,10,1
Martin SAITZ,M5,M,10,2
Václav STÁREK,M6,M,10,2
Pavel PEŠEK,M2,M,10,1
Vladimír DOLEJSKÝ,M5,M,10,5
Martin BARRY,M5,M,10,1
Markéta VAŇKOVÁ,M6,F,10,2
Petr FUČÍK,M5,M,10,1
Bohdan WOJNAR,M6,M,10,2
Martin LUDVÍK,M5,M,10,1
Jiří ZELENKA,M5,M,10,1
Milan EIBL,M5,M,10,1
Edvard SEQUENS,M6,M,10,1
Tomáš POSPÍŠIL,M5,M,10,3
Vlastimil KARLÍK,M6,M,10,1
Petra PROCHÁZKOVÁ,M1,F,10,1
František KUČERA,M6,M,10,4
Dušan MULÍČEK,M5,M,10,1
Filip KOUBEK,M5,M,10,2
Martin REY,M3,M,10,1
Kristina VRKOČOVÁ,M1,F,10,2
Jan KOLÁŘ,M5,M,10,2
Antony BLINKEN,M6,M,10,8
Antonio GUTERRES,M6,M,10,8
Lukáš BARTOŇ,M6,M,10,2
Pavla KOSÍKOVÁ,M1,F,10,8
Pavla KUBÁLKOVÁ,M1,F,10,3
Jan VOLNÝ,M6,M,10,1
Zdeněk KOVÁŘÍK,M6,M,9,1
Zuzana LIZCOVÁ,M5,F,9,2
Marcela VLADAŘOVÁ,?,F,9,1
Jan STANĚK,M6,M,9,2
Yvonna GAILLYOVÁ,M5,F,9,2
Radek VINCOUR,M6,M,9,1
Miloš VONDRUŠKA,M2,M,9,1
Mark RIEDER,M6,M,9,1
Jan KOHOUT,M5,M,9,1
Jan KOVÁŘ,M5,M,9,1
Jiří GAVOR,M5,M,9,9
Sergej LAVROV,M6,M,9,7
Silvana JIROTKOVÁ,M5,F,9,1
Michal POLÁŠEK,M1,M,9,2
Karel KOVÁŘ,?,M,9,1
Luboš PAVLAS,M6,M,9,1
Vojtěch MUNZAR,M6,M,9,2
Jan KAVAN,M6,M,9,1
Jana TEJKALOVÁ,M5,F,9,1
Daniel PONEMAN,M5,M,9,1
Jiří FEIST,M6,M,9,1
Slavomír GOGA,M6,M,9,1
Stefan RAHMSTORF,M3,M,9,1
Barbora CHATTOVÁ,M3,F,9,1
Jan FISCHER,M6,M,9,1
Veronika KUBÍČKOVÁ,M1,F,9,9
Benjamin SCHIFRES,M5,M,9,1
Helena KAZMAROVÁ,M5,F,9,1
Hnutí ANO,?,M,9,7
Petr FISCHER,M1,M,9,1
Kateřina BERANOVÁ,M1,F,9,2
Bernie SANDERS,M6,M,9,9
Bohuslav CHALUPA,M6,M,9,1
Linda NEDBALOVÁ,M3,F,9,2
Martin NOVÁK,M5,M,9,4
Josef SEDLÁČEK,M6,M,9,1
Miroslav KUNDRATA,M5,M,9,3
Jiří ČERVENKA,M6,M,9,1
Miroslav KALOUSEK,M6,M,9,9
Miroslav KORECKÝ,M1,M,9,2
Jiří OBERFALZER,M6,M,9,1
Robert WATSON,M6,M,9,5
Summit OSN,?,M,9,9
Ondřej JONÁŠ,M5,M,9,2
Michaela POLÁKOVÁ,M1,F,9,2
Tomáš KUČERA,M3,M,9,1
Tomáš NEŘOLD,?,M,9,1
Kristina LARISCHOVÁ,M6,F,9,1
Libor JANEČKA,M2,M,9,2
Kryštof KOZÁK,M3,M,9,1
Kim HOLMÉN,M5,M,9,3
Clare NULLISOVÁ,M1,F,9,9
Kyriakos MITSOTAKIS,M6,M,9,7
Tereza AUBRECHTOVÁ,M3,F,9,2
Mauricio MACRI,M6,M,9,8
Zdeněk TŮMA,M5,M,9,1
Aleš ERBER,M5,M,9,2
Alexandra BERNARDOVÁ,M3,F,9,3
Štěpán CHALUPA,M6,M,9,2
Magda ŠULCOVÁ,M1,F,9,1
Zuzka BEBAROVÁ RUJBROVÁ,M6,F,9,1
Marek HILŠER,M6,M,9,1
Václav ZEMEK,M6,M,9,1
Josef CHYTIL,M3,M,9,3
Radek POKORNÝ,M5,M,9,2
Jana FILIPOVIČOVÁ,M6,F,8,1
Vít HAVELKA,M3,M,8,1
Andrea ČANDOVÁ,M1,F,8,3
Vítězslav HRUŠKA,M5,M,8,1
Zdeněk VENERA,M5,M,8,2
Zuzana TEJNICKÁ,M1,F,8,2
Claude JUNCKER,M6,M,8,6
Klára JEŠINOVÁ,M1,F,8,3
Tereza KRUMPHOLZOVÁ,M1,F,8,7
Tomáš INDREI,M1,M,8,1
Charles MICHEL,M6,M,8,8
Kristalina GEORGIEVOVÁ,M6,F,8,1
Ondřej HOUSKA,M1,M,8,1
Jaroslav RYGL,M5,M,8,1
Oldřich HAIČMAN,M5,M,8,1
Romana LEHMANNOVÁ,M1,F,8,2
Sebastian KURZ,M6,M,8,8
Jozef PECHO,M3,M,8,3
Františka ČÍŽKOVÁ,M1,F,8,1
Dominika VŘEŠŤÁLOVÁ,M1,F,8,2
Jeremy CLARKSON,M1,M,8,1
Jeroným TEJC,M6,M,8,2
Petr DOUBRAVSKÝ,M5,M,8,5
Johana ŠULCOVÁ,M1,F,8,2
Bronislav BECHNÍK,M1,M,8,1
Bronislav KVASNIČKA,M5,M,8,2
Jaroslav HANÁK,M6,M,8,2
Ivan HLADÍK,M2,M,8,1
Martin PIVOKONSKÝ,M5,M,8,1
Martin MAŘÍK,M1,M,8,1
Hynek KMONÍČEK,M6,M,8,2
Hoesung LEE,M6,M,8,8
Jiří CRHA,M6,M,8,1
Petr DOLÍNEK,M5,M,8,1
Barbora MĚKOTOVÁ,M1,F,8,2
Jan BANOUT,M5,M,8,1
Veronika KYNČLOVÁ,M1,F,8,1
Bjorn LOMBORG,M3,M,8,1
Kateřina FERENČÍKOVÁ,M5,F,8,1
Nemeškalová ROSINOVÁ,M5,F,8,2
Heiko MAAS,M6,M,8,8
Petr HLADÍK,M6,M,8,2
Antonín OSIČKA,M6,M,8,5
Jan HERZMANN,M5,M,8,1
Armin LASCHET,M6,M,8,6
Vladimíra LESENKÁ,M6,F,8,1
Petr LEYER,M5,M,8,1
Jiří MACHÁČEK,M3,M,8,1
Karel KOVANDA,M6,M,8,1
Aneta SNOPOVÁ,M1,F,8,2
Jan LIPAVSKÝ,M3,M,8,1
Vojtěch JANSA,M5,M,8,1
Petr MÁRA,M2,M,8,1
Josef SOUKUP,M3,M,8,1
Miroslava NERADOVÁ,M5,F,8,1
Jan SECHTER,M5,M,8,1
Jan VALENTIN,M3,M,8,1
Marcela MACHOVÁ,M5,F,8,1
Alexis DUTERTRE,M6,M,7,1
Zdeněk KALVACH,M3,M,7,1
Al GORE,M6,M,7,5
Jana BARTŮŇKOVÁ,M1,F,7,2
Václav MAREK,M5,M,7,1
Anna BAHNEROVÁ,M1,F,7,1
Karel KLEM,M6,M,7,1
Joko WIDODO,M6,M,7,3
Jolana VOLDÁNOVÁ,M1,F,7,6
Markéta CHUMCHALOVÁ,M1,F,7,4
Jakub RÁLIŠ,M5,M,7,3
Petr HRADECKÝ,M3,M,7,1
Vědunka LUNARDI,M5,F,7,1
Jan NOVÁK,M1,M,7,1
Stanislav LHOTA,M3,M,7,1
David CAMERON,M6,M,7,6
Petr KOLÁŘ,M1,M,7,1
Jan SKALÍK,M5,M,7,1
Jan VEVERA,M6,M,7,1
Jan STEJSKAL,M3,M,7,1
Lukáš POP,M3,M,7,1
Lukáš VRÁBLÍK,M3,M,7,1
Jan RŮŽIČKA,M5,M,7,1
David HLISNIKOVSKÝ,M3,M,7,1
Petr PAVEL,M6,M,7,2
Petr TŘEŠŇÁK,M6,M,7,2
Marcela DURASOVÁ,M1,F,7,1
Magdaléna TROJANOVÁ,M1,F,7,1
Jan TRNKA,M3,M,7,1
Yngvar BRENNA,M5,M,7,1
Lukáš KAUCKÝ,M6,M,7,1
Magda VÁŠÁRYOVÁ,M6,F,7,1
Miroslava NĚMCOVÁ,M6,F,7,3
Michal PAVLÁSEK,M2,M,7,1
Karel ROŽÁNEK,M1,M,7,3
Karel KLEM,M5,M,7,3
Sean SPICER,M1,M,7,7
David ČERNÝ,M3,M,7,1
Jevhenija VACHNIČENKO,M1,F,7,2
Jiří BENÁČEK,M6,M,7,1
Kamil KUPEC,M5,M,7,2
Kamila JUŠKOVÁ,M1,F,7,2
Petr JANYŠKA,M1,M,7,1
Osamu OKAMURA,M5,M,7,4
Vladislav SMRŽ,M5,M,7,2
Barbora LUKŠOVÁ,M1,F,7,2
Radim ŠRÁM,M6,M,7,1
Daniela TUNKLOVÁ,M1,F,7,2
Daniel NÝVLT,M3,M,7,2
Hillary CLINTONOVÁ,M6,F,7,6
Martin RULÍK,M6,M,7,1
Jan CZUDEK,M5,M,7,4
Jan BEZDĚK,M1,M,7,1
Jiří ŠEBESTIAN,M3,M,7,2
Jaroslav LOBKOWICZ,M6,M,7,1
Martin SALAJKA,M1,M,7,1
Kateřina OSIČKOVÁ,M2,F,7,1
Katrín JAKOBSDÓTTIROVÁ,M6,F,7,5
Drahomíra RAČÁKOVÁ,M1,F,7,6
Apolena RYCHLÍKOVÁ,M1,F,7,1
Michael BLOOMBERG,M6,M,7,3
Michael CRAMER,M6,M,7,1
Kovy KOVÁŘ,M2,M,7,1
Josef HÁJEK,M3,M,7,1
Josef KOUKAL,M1,M,7,1
Miroslav MAREŠ,M5,M,7,1
Miroslav FLORIÁN,M5,M,7,1
Jan KLÁN,M6,M,7,2
Vojtěch BÍLÝ,M1,M,7,6
Roman PRYMULA,M5,M,7,1
Sandip VERMA,M5,M,7,1
Daniel HEJL,M5,M,7,1
Karolína FARSKÁ,M5,F,7,1
Vladimír BEJČEK,M5,M,7,1
Martina BACÍKOVÁ,M5,F,7,1
Joan CLOS,M6,M,7,1
Jan MACHÁČ,M3,M,7,1
Jan KOZINA,M6,M,7,1
Jiří SLOVÁČEK,M5,M,7,1
Jiří PLEŠEK,M6,M,7,1
Justus PAULSEN,M6,M,7,2
Frans TIMMERMANS,M6,M,7,7
Petr SOKOL,M3,M,7,1
Petr ŠTENGL,M2,M,7,1
Radek KUBALA,M5,M,7,1
Fatih BIROL,M5,M,7,2
Miloš ČERMÁK,M5,M,7,1
Milan ŠTECH,M3,M,7,1
Andreas PAPADOPULOUS,M1,M,7,2
Josef ŘIHÁK,M6,M,7,1
Brna ODS,?,F,7,1
Jana HORKÁ,M1,F,7,1
Bohumil DOBOŠ,M3,M,7,1
Zuzana LUŇÁKOVÁ,M1,F,6,1
Jana FRIČOVÁ,M2,F,6,2
Václav SVOBODA,M1,M,6,5
Věra PALKOVSKÁ,M6,F,6,1
Eliška KOLOMAZNÍKOVÁ,M1,F,6,1
Milan VYSKOČIL,M6,M,6,1
Milan ŠAFÁŘ,M3,M,6,1
Tomáš ŘÍHA,M1,M,6,4
Ondřej KAVAN,M1,M,6,2
Jiří VÍŠEK,M6,M,6,1
Antonín STEINBAUER,M5,M,6,1
Jan JANDOUREK,M1,M,6,1
Pavel KINDLMANN,M3,M,6,1
Jan KAVALÍREK,M6,M,6,1
Jan RUTSCH,M5,M,6,1
Martina DLABAJOVÁ,M6,F,6,4
Tana WOODOVÁ,M3,F,6,2
Miroslav KARAS,M3,M,6,1
Petteri TAALAS,M6,M,6,6
Filip CHVÁTAL,M6,M,6,1
Ladislav MIKO,M6,M,6,1
Dmitrij PESKOV,M1,M,6,5
Vanda KOFROŇOVÁ,M1,F,6,1
Filip REMUNDA,M5,M,6,1
Josef ELSTER,M3,M,6,1
Charlie VERON,M3,M,6,1
Tim JARVIS,M3,M,6,3
Conie HADEGAARDOVÁ,M6,F,6,1
Irena KRCHÁKOVÁ,M1,F,6,2
Ondřej CÍSAŘ,M3,M,6,1
Kateřina JELÍNKOVÁ,M1,F,6,1
Dana SCHMIDT,M1,F,6,1
Daniel KURKA,M5,M,6,2
Stuart DAVIES,M3,M,6,1
Dušan MAJER,M5,M,6,1
Nora FRIDRICHOVÁ,M1,F,6,6
Tomáš HALÍK,M3,M,6,1
Chris TURBEY,M3,M,6,3
Veronika SKŘIVANOVÁ,M1,F,6,2
Veronika VÁCHOVÁ,M1,F,6,1
Martin HÁLA,M5,M,6,1
Petr KOLÁŘ,M5,M,6,1
Petr KOPECKÝ,M3,M,6,1
Petr KOŘÍNEK,M1,M,6,1
Petr KNAP,M3,M,6,2
David SVOBODA,M3,M,6,1
Michal MACENAUER,M5,M,6,1
Jiří ŠEBESTIÁN,M3,M,6,1
Jan CHVOJKA,M6,M,6,1
Carl SAFINA,M3,M,6,2
Jan DUSÍK,M5,M,6,1
Jana MALÁČOVÁ,M6,F,6,3
Jana MORAVCOVÁ,M5,F,6,1
Jitka SEITLOVÁ,M6,F,6,2
Michal FLEISCHMANN,M6,M,6,1
Jiří MÁNEK,M6,M,6,1
Jiří KOŽELOUCH,M5,M,6,1
Daniel URBAN,M6,M,6,1
Arif TURHAN,M2,M,6,3
Barbora BERECOVÁ,M5,F,6,1
Martin DORAZÍN,M1,M,6,1
Barbora LOUDOVÁ,M1,F,6,1
Petr MIŇOVSKÝ,M1,M,6,1
Karel KABELE,M5,M,6,1
Hynek KMONÍČEK,M5,M,6,1
Kamila MEDOVÁ,M1,F,6,1
Šárka CIMALOVÁ,M3,F,6,2
Aleš GERLOCH,M5,M,6,1
Aleš HAZUKA,M1,M,6,1
David HOLLAND,M3,M,6,2
Stanislav KOMÁREK,M3,M,6,1
Mitt ROMNEY,M6,M,6,4
Adam VIZINA,M3,M,6,1
Marek KOŠUT,M6,M,6,1
Radim POLČÁK,M6,M,6,1
Rex TILLERSON,M6,M,6,6
Lukáš KREJČÍ,M2,M,6,1
Lukáš VONDROVIC,M5,M,6,3
Jana DRÁPELOVÁ,M1,F,6,1
Stanislav TUMIS,M3,M,6,1
Gladys BEREJIKLIANOVÁ,M6,F,6,5
Ivo ŠLOSARČÍK,M3,M,6,2
Bill GATES,M5,M,6,6
Bohumil KARTOUS,M3,M,6,1
Stanislav BALÍK,M3,M,6,1
Přemysl ŠRÁMEK,M1,M,6,2
Mark ZUCKERBERG,M5,M,6,2
Zdeněk SLOBODA,M3,M,6,1
Leonardo DICAPRIO,M2,M,6,6
Josef ŠTULC,M5,M,6,1
Jair BOLSONARO,M6,M,6,6
Radko KUBIČKO,M1,M,6,1
Mirka VILDOVÁ,M1,F,6,1
Adam PETRUSEK,M5,M,6,1
Wolfgang ISCHINGER,M5,M,6,3
Luboš MOTL,M3,M,6,1
Jarmila RÁŽOVÁ,M6,F,6,1
Radim MATULA,M3,M,5,2
Zdeněk KUKAL,M3,M,5,1
Šinzó ABE,M6,M,5,5
Evo MORALES,M6,M,5,5
Evžen TOŠENOVSKÝ,M6,M,5,1
Elizabeth WARRENOVÁ,M6,F,5,5
Bertrand PICCARD,M2,M,5,5
Blanka KOVANDOVÁ,M1,F,5,1
Bohuslav NĚMEČEK,M6,M,5,1
Lenka SOLANSKÁ,M1,F,5,2
Martin NOVÁK,M1,M,5,1
Martin PELEŠKA,M5,M,5,3
Milada MEGRÁTOVÁ,M1,F,5,1
Milan BRUNCVÍK,M1,M,5,1
Jan THOMPSONOVÁ,M6,F,5,1
Alžběta HAVLOVÁ,M1,F,5,1
Alois MÍKA,M5,M,5,1
Radim VÍTEK,M5,M,5,1
Emrah ARIEL,M2,M,5,3
Radovan STOKLASA,M1,M,5,1
William SWEET,M3,M,5,2
Martin ANDER,M5,M,5,2
Barbora KLADIVOVÁ,M1,F,5,2
Barbora ČERNÁ DVOŘÁKOVÁ,M1,F,5,3
Jan BOŽENSKÝ,M3,M,5,2
Jan BUREŠ,M5,M,5,2
Tomáš PFEILER,M5,M,5,1
Tomáš LETOCHA,M2,M,5,3
Charty OSN,?,M,5,1
Martin SETVÁK,M3,M,5,1
Martin SVATOŇ,M1,M,5,1
Daniel KOLSKÝ,M2,M,5,1
Elena KOHÚTIKOVÁ,M6,F,5,1
Jens STOLTENBERG,M6,M,5,5
Stephen HAWKING,M3,M,5,1
Thomas KULIDAKIS,M5,M,5,2
Matyáš CHOCHOLA,M2,M,5,2
Petr ALBRECHT,M1,M,5,1
Petr BIRKLEN,M5,M,5,3
Michaela VAŠINOVÁ,M1,F,5,1
George KELL,M5,M,5,1
Volodymyr ZELENSKYJ,M6,M,5,4
Anton ŠECHOVCOV,M3,M,5,1
Antonín BRUŠTÍK,M1,M,5,1
Václav HAVEL,M6,M,5,4
Jan JŮN,M1,M,5,1
Pavel KAVINA,M5,M,5,1
Luboš ROSÍ,M1,M,5,3
Lukáš FRIEDL,M3,M,5,1
Lucie CHYTILOVÁ,M1,F,5,1
Jaromír BLÁHA,M5,M,5,1
Jan KLIMEŠ,M3,M,5,1
Judita PETRŽELKOVÁ,M3,F,5,1
Justin TRUDEAU,M6,M,5,5
Lenka DRMOTOVÁ,M1,F,5,1
Ivo BRÁNIŠ,M1,M,5,2
Ivan ŠTAMPACH,M3,M,5,1
Pavlína FABIÁNOVÁ,M1,F,5,1
Pavel ŠVEC,M1,M,5,1
Jaroslav DOLEŽAL,M3,M,5,2
Tomáš CZERNIN,M6,M,5,2
Filip DVOŘÁK,M6,M,5,1
Filip KOUBEK,M1,M,5,1
Josef KOLÁČEK,M5,M,5,1
Valérie MASSON DELMOTTEOVÁ,M5,F,5,3
Tomáš POSPÍŠIL,M6,M,5,1
Tomáš VRŠKA,M3,M,5,1
Bruce HONEYMAN,M5,M,5,3
Petr LUTONSKÝ,M1,M,5,1
Petr MACH,M6,M,5,1
Greta THURNBERGOVÁ,M5,F,5,3
Danuše VYMĚTALOVÁ,M2,F,5,1
Helena HORSKÁ,M5,F,5,2
Nich ARCHER,M6,M,5,1
Natálie FLAJŽÍKOVÁ,M1,F,5,2
Karla MAŘÍKOVÁ,M6,F,5,1
Michal HORSÁK,M3,M,5,1
Jiřina HAVLASOVÁ,M2,F,5,2
Michal JEMELKA,M1,M,5,2
Karel MAKOŇ,M3,M,5,1
Jiří HYNEK,M1,M,5,1
Jan VOTÝPKA,M3,M,5,1
David JEŽEK,M2,M,5,1
Michal KUBAL,M5,M,5,1
Josef KEDER,M5,M,5,1
Ivo POKORNÝ,M2,M,5,2
Jana GERLEOVÁ,M1,F,5,1
Pavel CYRANI,M6,M,5,2
Pavel HAVEL,M5,M,5,2
Šárka VLČKOVÁ,M1,F,5,2
André BORSCHBERG,M2,M,5,3
Jan ŘEŽÁB,M5,M,5,1
Magdaléna REJŽKOVÁ,M1,F,5,1
Johanna NEJEDLOVÁ,M1,F,5,1
Miloslav ŠIMEK,M5,M,5,1
Federica MOGHERINIOVÁ,M6,F,5,5
Radka DENEMARKOVÁ,M5,F,5,1
Jan ŠVEJNAR,M6,M,5,1
Václav HRADÍLEK,M3,M,5,1
Jana DOLEŽELOVÁ,M1,F,5,1
Andrea ŠILHANOVÁ,M5,F,5,1
Mario KUBAŠ,M1,M,5,1
Marek VÝBORNÝ,M6,M,4,3
Mitch MCCONNELL,M6,M,4,4
Petr MEŠKÁN,M1,M,4,1
Gavin NEWSOM,M6,M,4,4
Gavin SCHMIDT,M5,M,4,2
Jan HABART,M6,M,4,1
Patrick MALONEY,M6,M,4,4
Anna HOVORKOVÁ,M1,F,4,1
Milan VÁŇA,M5,M,4,2
Richard BETTS,M3,M,4,2
Richard DEWHURST,M3,M,4,2
Josef DOSTÁL,M5,M,4,1
Josef DVOŘÁČEK,M6,M,4,1
Věra JOUROVÁ,M2,F,4,1
Václav ŠVAMBERK,M3,M,4,1
Walter WILLETT,M3,M,4,2
Wang JIN ŤI,M2,M,4,2
Andrew SCHEER,M6,M,4,4
Andrzej DUDA,M6,M,4,4
Pavel FOREJTEK,M3,M,4,1
Programu OSN,?,M,4,2
Josef ŠTULC,M6,M,4,1
Robert PACOVSKÝ,M6,M,4,1
Martin MYKISKA,M5,M,4,1
Leoš NOVOTNÝ,M5,M,4,1
Martin MOŽNÝ,M6,M,4,1
Jair BOSLONARO,M6,M,4,1
Jakub FINGER,M5,M,4,2
Pavel RANOCHA,M5,M,4,2
Pavel PAŘÍZEK,M3,M,4,1
Bikram SHERESTHA,M3,M,4,1
Bhopal PANDEJA,M3,M,4,2
Victorien ERUSSARD,M2,M,4,1
Veronika KVAKOVÁ,M1,F,4,1
Jaroslav MAŠEK,M5,M,4,1
Ondřej KAZÍK,M5,M,4,1
Ondřej KLIMEŠ,M5,M,4,1
Ondřej KOUTSKÝ,M1,M,4,1
Pavel ŠOLC,M6,M,4,2
Josef JAŘAB,M3,M,4,1
Milan STOLIČKA,M3,M,4,1
Petra ROUBÍČKOVÁ,M1,F,4,4
Kryštof KRULIŠ,M5,M,4,1
Martina KOZIOLOVÁ,M1,F,4,1
Tadeáš HLAVINKA,M1,M,4,1
Jaromír STARÝ,M5,M,4,1
Jaroslav BRŮŽEK,M3,M,4,2
Iveta MARTIN,M2,F,4,2
Libor BEZDĚK,M6,M,4,2
Libor DVOŘÁK,M1,M,4,1
Carlos RITTL,M5,M,4,4
Veronika TUPÁ,M1,F,4,1
Pavel POC,M5,M,4,1
Jan BARTOŠ,M3,M,4,2
Lucie PONIŠTOVÁ,M1,F,4,1
Barbora VESELÁ,M3,F,4,1
Barbora ČAPKOVÁ,M1,F,4,1
Arias CANETE,M6,M,4,4
Vladimír SMUTNÝ,M3,M,4,1
Lucie POKORNÁ,M1,F,4,1
Der LEYEN,M6,M,4,2
Der LEYENOVÁ,M3,F,4,2
Isabella SALTONOVÁ,M3,F,4,1
Irena CHLEBOUNOVÁ,M5,F,4,2
Ivan BARTOŠ,M3,M,4,2
Olga CIESLAROVÁ,M3,F,4,2
Jaroslav STAIMACHER,M5,M,4,1
Jaroslav STALMACHER,M5,M,4,1
Maxx DILLEY,M5,M,4,4
Klára FILIPOVÁ,M1,F,4,1
Klaus SCHWAB,M5,M,4,4
Konference OSN,M3,F,4,4
Christos CHRISTOU,M6,M,4,1
Norman EISEN,M5,M,4,3
Jen PSAKIOVÁ,M1,F,4,3
Oliver JÁN,M1,M,4,1
Steve BACHMAN,M3,M,4,2
Dudley WIGDAHL,M5,M,4,2
Edita VALENTOVÁ,M1,F,4,1
Francoise HOLLANDE,M6,M,4,4
František BOSTL,M5,M,4,2
Petr ZACHAROV,M3,M,4,1
Jiří NOHEL,M5,M,4,1
Jiří PONDĚLÍČEK,M3,M,4,2
Jude WALKER,M2,M,4,2
Luca PARMITANO,?,M,4,2
Luboš DOBROVSKÝ,M6,M,4,1
Otakar ŠAŠEK,M6,M,4,1
Jan HORNÁT,M5,M,4,1
Anna VÁHNEROVÁ,M1,F,4,1
Annalena BAERBOCKOVÁ,M6,F,4,4
Annemieke MILKSOVÁ,M3,F,4,2
Jan KOURA,M3,M,4,1
Jan MUSIL,M5,M,4,1
Jan NAVRÁTIL,M1,M,4,1
Petr HLADÍK,M5,M,4,1
Hedvika DĚDKOVÁ,M1,F,4,1
Jim GREEN,M5,M,4,2
Naděžda JOHANISOVÁ,M3,F,4,1
Jimmy CORNELL,M1,M,4,1
Jimmy GRAVES,M5,M,4,1
Jiří DAVID,M2,M,4,2
Jitka SLEZÁKOVÁ,M1,F,4,1
Daniel POUAKOUYOU,M5,M,4,2
Dante SCALA,M3,M,4,4
David ATTENBOROUGH,M1,M,4,2
Jiří GRODA,M5,M,4,2
Monika TIHLÁŘOVÁ,M1,F,4,1
Petr HARTMAN,M1,M,4,1
Stephane DUJARRIC,M1,M,4,4
Stephen COOK,M3,M,4,4
Stanislav ŠIMÍČEK,M6,M,4,2
Sophie BACKSENOVÁ,M5,F,4,1
Michal JEDLIČKA,M5,M,4,2
Pavel CYPRICH,M1,M,4,1
Paul KIRSHEN,M3,M,4,2
Paul THOMAS,M3,M,4,2
Adam SUCHÝ,M6,M,4,2
Scott MORRISON,M6,M,4,3
Josef NOVOTNÝ,M3,M,4,1
Josef PÁNEK,M5,M,4,3
Milan HLADÍK,M5,M,4,1
Fabien COUSTEAU,M3,M,4,2
Eliška BUČINOVÁ,M1,F,4,1
Wu CHAO,M5,M,4,2
Alexandra PŘEČKOVÁ,M1,F,4,1
Aaron DAVIS,M5,M,4,2
Manfred WEBER,M6,M,4,4
Šéf OSN,?,M,4,4
Zpráva OSN,?,F,4,4
Zuzana NEZNAJOVÁ,M5,F,4,2
Eva JOUKLOVÁ,M1,F,4,4
Eva HRNČÍŘOVÁ,M1,F,4,1
Alok SHARMA,M6,M,4,4
Alicja KNASTOVÁ,M5,F,4,2
Lumír DOBROVOLNÝ,M5,M,4,2
Jan PALAŠČÁK,M2,M,4,1
Zdeněk VACEK,M3,M,3,1
Jan VELEBA,M6,M,3,2
Jan TYL,M3,M,3,1
Šárka OPLATKOVÁ,M1,F,3,1
Šárka SIMALOVÁ,M3,F,3,1
Jan POLÁŠEK,M1,M,3,2
Jan SMUTEK,M5,M,3,3
Ajumi FUKAKUSAOVÁ,M5,F,3,3
Marek WOLLNER,M1,M,3,2
Marc CHARDONNENS,M5,M,3,3
Majerová ZAHRADNÍKOVÁ,M6,F,3,1
Mami MIZUTORIOVÁ,M5,F,3,3
Magdaléna FROUZOVÁ,M1,F,3,2
Marco ZAMUNAN,M2,M,3,2
Anna ZÁDRAPOVÁ,M3,F,3,1
Vojtěch DRLÍK,M2,M,3,1
Lukáš FICEK,M5,M,3,1
Luděk STANĚK,M1,M,3,1
Pavel NEZBEDA,M5,M,3,1
Jana ČERNOCHOVÁ,M6,F,3,3
Janine JONESOVÁ,M2,F,3,3
Jana MATESOVÁ,M5,F,3,2
Jan BLOUDEK,M6,M,3,3
Lukáš SEDLÁČEK,M5,M,3,3
Aneta HRONOVÁ,M1,F,3,1
Václav MUCHNA,M5,M,3,1
Zdeněk HORÁK,M6,M,3,1
Markéta BOČKOVÁ,M1,F,3,1
Anna KUBEŠKOVÁ,M1,F,3,1
Anna FELIXOVÁ,M2,F,3,1
Anja FJALLGRENOVÁ,M3,F,3,1
Marta NOVÁKOVÁ,M6,F,3,3
Bent JAKOBSEN,M2,M,3,1
Vladimír KRATOCHVÍL,M3,M,3,2
Barbora PAFČO,M3,F,3,1
Vladimir BARBIN,M6,M,3,3
Lucie SMOLKOVÁ,M6,F,3,1
Lucie KOMŇACKÁ,M1,F,3,1
Lucie KUPKOVÁ,M5,F,3,1
Vladimír ČERNÝ,M6,M,3,1
Aziz MEKOUAR,M6,M,3,3
Aram RADOMSKI,M2,M,3,1
Boris VORMANN,M3,M,3,3
Tomáš URFUS,M3,M,3,3
Bohumil JANSKÝ,M3,M,3,2
Ulrike CRESPOVÁ,M2,F,3,3
Ondřej KOBZA,M2,M,3,1
Jaroslav MIKOLÁŠ,M5,M,3,1
Jaroslav HRABÁK,M3,M,3,1
Jaroslav CRHÁK,M2,M,3,1
Pavlína MIKULKOVÁ,M3,F,3,1
Pavel KALINA,M3,M,3,1
Jan HURT,M5,M,3,1
Jan JAKOB,M6,M,3,1
Jan HORNÁT,M3,M,3,1
Paní HOLÁ,M2,F,3,1
Martin HANEL,M5,M,3,3
Martin SIEGERT,M5,M,3,1
Tomáš DAVID,M5,M,3,1
Tomáš KAPRÁLEK,M6,M,3,1
Tomáš KOLÁŘ,M3,M,3,1
Libor GRUBHOFFER,M5,M,3,3
Lenka LAUS,M5,F,3,1
Tuncay NEYISCI,M3,M,3,3
Tomáš ZIMA,M5,M,3,2
Tomáš ŘÍHA,M5,M,3,3
Bruno BIANCHI,M2,M,3,3
Tereza DALECKÁ,M1,F,3,1
Chartě OSN,?,M,3,3
Laura DILLEYOVÁ,M5,F,3,1
Martin TANGNEY,M5,M,3,1
Martin SCHREIER,M1,M,3,2
Oliver STEEDS,M5,M,3,2
Ondřej BENEŠOVSKÝ,M5,M,3,1
Peter HARRISON,M5,M,3,1
Ismail YILDIZ,M5,M,3,3
Isabel JIMÉNEZOVÁ,M2,F,3,2
Pavel SMUTNÝ,M6,M,3,1
Jakub ŠČURKEVIČ,M1,M,3,1
Jakub LEPŠ,M3,M,3,1
Jaime RICHARDSOVÁ,M2,F,3,3
Jak LUKAVSKÝ,M3,M,3,1
Chris COONS,M6,M,3,3
Martin ŠILAR,M5,M,3,1
Martin VEČEŘA,M3,M,3,1
Kristin LAIDREOVÁ,M5,F,3,1
Christophe DELACHAT,M2,M,3,3
Claude TURMES,M6,M,3,3
Mateusz MORAWIECKI,M6,M,3,3
Claire PARKINSONOVÁ,M3,F,3,1
Klaus IOHANNIS,M6,M,3,3
Mette FREDERIKSENOVÁ,M6,F,3,3
Max LAWSON,M5,M,3,1
Clint BRADLEY,M2,M,3,3
Ted TURNER,M5,M,3,1
Dale VINCE,M5,F,3,2
Crutis DEUTSCH,M3,M,3,1
Dana PLAVCOVÁ,M5,F,3,1
Dan RAMZER,M6,M,3,2
Michael NEUWIRTH,M6,M,3,2
Michael WEHINGTON,M3,M,3,1
Michael GOVE,M6,M,3,3
Michael KARISCH,M2,M,3,3
Kevin BALES,M5,M,3,1
David GARDÁŠ,M3,M,3,1
Kateřina JANOUCH,M5,F,3,1
David FIGAR,M5,M,3,1
Daniel ZACH,M1,M,3,2
Nikol PAŠINJAN,M6,M,3,3
Nick GRAHAM,M3,M,3,1
Nicola STURGEONOVÁ,M6,F,3,3
Nicole LUDWIG,M5,F,3,1
Petr HLUBUČEK,M5,M,3,3
Petr DOBROVOLNÝ,M5,M,3,1
Petr DOBRÝ,M3,M,3,1
Petr DOUBRAVSKÝ,M1,M,3,2
Ondřej HORKÝ HLUCHÁŇ,M3,M,3,1
Ivan WATSON,M1,M,3,1
Jaroslaw KACZY SKI,M6,M,3,3
Ondřej DOSTÁL,M5,M,3,1
Michal HAŠEK,M6,M,3,2
Michal BLÁHA,M5,M,3,1
Michal BUREŠ,M2,M,3,1
Karolína KOČÍ,M1,F,3,1
Simon MAY,M2,M,3,3
Summit EU,?,M,3,3
Daniel FRYNTA,M3,M,3,1
Sergej ABANIN,M5,M,3,3
David RATH,M2,M,3,1
David RITTER,M5,M,3,3
Sigmar GABRIEL,M6,M,3,3
Kamil BENEŠ,M1,M,3,2
Kamil LÁSKA,M5,M,3,3
Stanislav KOZLÍK,M2,M,3,1
Stacey MULLEROVÁ,?,F,3,1
Soňa CEMPÍRKOVÁ,M5,F,3,1
Slávka JANDOVÁ,M1,F,3,1
Denis KALININ,M2,M,3,3
Sam HARREL,M1,M,3,3
Rudolf KREISINGER,M5,M,3,1
Josef PULÍČEK,M5,M,3,1
Kamala HARRISOVÁ,M6,F,3,3
Petr MUSIL,M3,M,3,1
Hana BAHNEROVÁ,M1,F,3,1
Peter DUHAN,M1,M,3,1
Olaf EISEN,M3,M,3,1
Oldřich MIKULICA,M3,M,3,1
Hnutí SPD,?,M,3,3
Jerzy DEMSKI,M5,M,3,2
Jeremy SYMONS,M6,M,3,3
Norbert RADMACHER,M5,M,3,3
David WASKOW,M5,M,3,3
Robert STOJANOV,M3,M,3,1
Michal VELIČKA,M5,M,3,2
Deana KOLENČÍKOVÁ,M2,F,3,1
Della TORRE,M2,F,3,3
Roman JURAS,M3,M,3,1
Dominika POSPÍŠILOVÁ,M1,F,3,1
Josef STEHLÍK,M6,M,3,3
Robin BEAMAN,M3,M,3,1
Milan BARTÁK,M3,M,3,1
Sarah EMERSONOVÁ,M5,F,3,3
Miguel CANETE,M6,M,3,3
Jozef KASALA,M5,M,3,2
Josef SLABÝ,M1,M,3,1
Josef KOTRBA,M5,M,3,1
Sebastian GONZALEZ,M3,M,3,1
Sebastien REINIER,M5,M,3,1
Erik HUSS,M3,M,3,1
Josef KRÁLÍČEK,M6,M,3,1
Josef JIŘIČNÝ,M5,M,3,1
Josef KOTRBA,M6,M,3,1
Josef HLAVINKA,M6,M,3,3
Josef HORINKA,M6,M,3,2
Josef HORÁČEK,M6,M,3,1
Josef BULKA,M5,M,3,1
Petr SEDLÁK,M5,M,3,2
Monika NOVÁKOVÁ,M1,F,3,1
Jiří NECHVÍLE,M6,M,3,1
Jiří DLOUHÝ,M5,M,3,1
Petr PROCHÁZKA,M5,M,3,1
Naďa CHATTOVÁ,M1,F,3,1
Jim SKEA,M3,M,3,3
Richard PAVLÍK,M5,M,3,1
Fallon HOVERSONOVÁ,?,F,3,1
John YARBROUGH,M5,M,3,3
John MCCAIN,M6,M,3,3
Milan ŠMÍD,M1,M,3,1
Rainer EPPELMANN,M2,M,3,1
Rajendra PACHAURI,M6,F,3,2
Petr VIZINA,M1,M,3,1
Petr VONDRÁČEK,M6,M,3,1
Petr STRNADEL,M2,M,3,1
Filip PERTOLD,M5,M,3,1
Filip VÍCH,M5,M,3,1
Filip WATTEEUW,M6,M,3,1
Filip HARTVICH,M3,M,3,1
Philip DAVIS,M6,M,3,3
Jodi SAUNDERSOVÁ,M2,F,3,1
Joe MANCHIN,M6,M,3,3
Miroslav BÁRTA,M5,M,3,3
Miroslav HORÁK,M2,M,3,1
Miloš JAHODA,M2,M,3,3
Radek HLAVÁČEK,M6,M,3,1
Miroslava BÁRTŮ,M6,F,3,1
George DOWDLE,M2,M,3,1
Petr MODLITBA,M2,M,3,1
František KOPŘIVA,M6,M,3,1
Miroslava JEŽKOVÁ,M5,F,3,1
Jiří SCHNEIDER,M5,M,3,1
Petra RAJSNEROVÁ,M3,F,3,3
František PELC,M5,M,3,3
Petr KYCL,M3,M,3,1
Petr LUDWIG,M1,M,3,1
Petr KRATOCHVÍL,?,M,3,1
Petr KNAP,M5,M,3,2
Petr KOHOUT,M3,M,3,1
Guy PARMELIN,M6,M,3,3
Pavel BLAŽEK,M6,M,3,3
Jan ŠMUCLER,M5,M,3,1
Jan ŠUROVSKÝ,M5,M,3,3
Patrick GRAICHEN,M3,M,3,3
Jan KŘÍŽ,M5,M,3,2
Zdeněk FARKA,M3,M,3,1
Wang WENBIN,M1,M,3,2
Werner KOGLER,M6,M,3,3
Alexandra UDŽENIJA,M6,F,3,3
Alexandr SOKOLOV,M3,M,3,1
Alexandra NOSKOVÁ,M1,F,3,2
Alena ŽÁKOVSKÁ,M3,F,3,2
Zdeněk NEKULA,M6,M,3,1
Zuzana ŽÁČKOVÁ,M2,F,3,1
Štefan HRTÚS,M5,M,3,1
Christian BURGER,M3,M,2,1
Christian KERN,M6,M,2,2
Christian LINDNER,M6,M,2,2
Chris ROCK,M1,M,2,1
Chris STARK,M5,M,2,2
Jaroslav KUBIŠTA,M5,M,2,1
Jakub UNUCKA,M5,M,2,2
Jakub ROZEHNAL,M5,M,2,2
Marc TASSÉ,M5,M,2,2
Jake SULLIVAN,M5,M,2,2
Izabela NIEPŘEJOVÁ,M1,F,2,2
Pavel SELEŠI,M5,M,2,1
Pavel STARÝ,M5,M,2,1
Pavel STOPKA,M3,M,2,2
Pavel PROŠEK,M3,M,2,1
James KIMARU,M2,M,2,1
Jakub STÁREK,M6,M,2,2
Ivan FUKSA,M6,M,2,2
Todd DAWSON,M3,M,2,2
Thon THAMRONGNAWASAWAT,M3,M,2,2
Tim COLE,M1,M,2,2
Martin ŠRÁMEK,M3,M,2,1
Martina FILIPOVÁ,M6,F,2,1
Martin VALTERA,M3,M,2,1
Ladislav GURTLER,M5,M,2,1
Ladislav KŘÍŽ,M1,M,2,2
Christ DAVIS,M5,M,2,2
Chien SHUN YIH,M5,M,2,1
Chloe POZASOVÁ,M5,F,2,1
Chris COCKEL,M5,M,2,1
Chan ŤIA SIN,M5,M,2,2
Charlotte SONGEUROVÁ,M3,F,2,2
Chartu OSN,?,M,2,2
Tomáš DANĚK,M5,M,2,2
Chris TURNEY,M3,M,2,2
Ladislav MENŠÍK,M5,M,2,1
Laetitia FRIMATOVÁ,M2,F,2,2
Laetitia HEDOUINOVÁ,?,F,2,1
Tomáš ZACHAT,M5,M,2,2
Toni DOHERTYOVÁ,M3,F,2,1
Bruce JAKOSKY,M5,M,2,1
Bruce JAKOVSKY,M3,M,2,1
Bořek SVOBODA,M2,M,2,1
Martin RENNHOFER,M6,M,2,2
Inger ANDERSEN,M5,M,2,2
Leo STRÁNSKÝ,M5,M,2,1
Uwe MARTH,M2,F,2,2
Tristen NAYLOR,M5,M,2,2
Tomáš KREJZAR,M5,M,2,1
Tomáš MACURA,M6,M,2,1
Tomáš MAŘAS,M1,M,2,1
Tomáš MED,M2,M,2,1
Tomáš FOLDYNA,M5,M,2,1
Leoš MAREŠ,M1,M,2,1
Ibrahim BAYLAN,M6,M,2,2
Igor GIRKIN STRELKOV,M6,M,2,1
Penelope ENDERSBYOVÁ,M5,F,2,2
Penny SHARPEOVÁ,M6,F,2,1
Per STR MBERG,M6,M,2,2
Peter BOORMAN,M3,M,2,1
Olga ŠKOPKOVÁ,M3,F,2,1
Peter KEREKES,M2,M,2,1
Lazarus SIPHUGA,M2,M,2,2
Ladislav PŮLPÁN,M5,M,2,1
Ladislav TŘEŠTÍK,M2,M,2,1
Ladislav ŠPAČEK,M1,M,2,2
Martin SIEGERT,M6,M,2,1
Martin SIEGERT,M3,M,2,1
Terry HUGHES,M5,M,2,1
Kristina AMBROŽOVÁ,M5,F,2,2
Lee ROSEN,M5,M,2,2
Laurie MARKEROVÁ,M5,F,2,1
Peter SHADLE,M5,M,2,1
Kateřina ŠEBESTOVÁ,M5,F,2,2
Stefano VIANELLO,M5,M,2,1
Michail KREINDLIN,M5,M,2,2
Michaela BABIŠOVÁ,M2,F,2,2
Michaela MLÝNKOVÁ,M2,F,2,1
Michael NEČAS,M3,M,2,2
Michael PROVENCHER,M2,M,2,1
Michael TAUSZ,M6,M,2,1
Ting JIN CHUA,M2,M,2,2
Dana VÉBROVÁ,M5,F,2,1
Damiel KURKA,M5,M,2,1
Steve HUGS,M3,M,2,1
Steve CARMEL,M2,M,2,2
Steve FORREST,M3,M,2,2
Clint EASTWOOD,M2,M,2,2
Clive PALMER,M5,F,2,1
Colin DONIHUE,M5,M,2,1
Dan ŤOK,M6,M,2,2
Dariusz NOWAK,M1,M,2,2
Daniela MONTALTOVÁ,M3,F,2,2
Daniel PAWLAS,M6,M,2,1
David HACKENBERG,M2,M,2,1
David HACKENBERG,M6,M,2,1
David HANSLIAN,M3,M,2,2
David HARKIN,M5,M,2,1
David BRINARD,M6,M,2,2
Kateřina TRNKOVÁ,M1,F,2,2
Keith LARSEN,M3,M,2,2
Kreta KAINGANG,M5,F,2,2
Knut KAISER,M3,M,2,2
Ko BARRETOVÁ,M5,F,2,2
Ko BARRETTOVÁ,M6,F,2,2
Klára PANZANOVÁ,M5,F,2,1
Klaus DODDS,M3,M,2,1
Michael TJERNSTROM,M3,M,2,1
Kellie LEIGHOVÁ,M5,F,2,1
David CLARK,M5,M,2,2
Matúš VALLO,M6,M,2,2
Chuck SCHUMER,M6,M,2,2
Christopher KOJM,M6,M,2,2
Chua ČCHUN JING,M1,F,2,2
Chua ČCHUNG JING,M1,F,2,2
Christian STEURER,M5,M,2,1
Christina KOCHOVÁ,M2,F,2,2
Tim LANG,M3,M,2,2
Tamsin WALKEROVÁ,M2,F,2,2
Claudia FUSANI,M1,F,2,1
Claudia KEMFERTOVÁ,M5,F,2,1
Claudio CASTRO,M6,M,2,2
Claure NULLISOVÁ,M1,F,2,2
Clay BOUDREAUX,M2,M,2,1
Kullawit LIMČULARAT,M3,M,2,2
Kromě USA,?,M,2,2
Krzysztof BLAŽEJCZYK,M3,M,2,2
Tim SMIT,M5,M,2,2
Světlana ŠVARCOVÁ,M6,F,2,1
Sáričková BENEŠOVÁ,M1,F,2,2
Susanne RASMUSSENOVÁ,M5,F,2,1
Svenja SCHULZEOVÁ,M6,F,2,2
Daisy JEFFREYOVÁ,M2,F,2,2
Dale MCLEAN,M2,F,2,2
Dalia GRYBAUSKAITÉOVÁ,M6,F,2,2
Ctirad WEISSMANN,M5,M,2,1
Matyáš ŠANDA,M5,M,2,2
Matthew SPENCER,M5,M,2,1
Martina HÁJKOVÁ,M3,F,2,1
Tereza PROKOPOVÁ,M3,F,2,1
Ted CRUZ,M6,M,2,2
Tania CASALOVÁ,M5,F,2,1
Tanya TRUJILLOVÁ,M5,F,2,2
Tayyip ERDOGAN,M6,M,2,2
Mette FREDRIKSENOVÁ,M6,F,2,2
Melinda GATESOVÁ,M2,F,2,2
Cyril URBÁNEK,M5,M,2,1
Lukáš RYCHTECKÝ,M2,M,2,1
Aneta LEDNOVÁ,M1,F,2,2
Václav HORÁK,M5,M,2,1
Andreas CARLGREN,M6,M,2,2
Vítězslav KOMENDA,M1,M,2,1
Václav VOSTRADOVSKÝ,M6,M,2,1
Akgun ILHANOVÁ,M3,F,2,1
Jan DOLEŽAL,M3,M,2,1
Tom BALDEWEJ,M2,M,2,2
Jan BLAHŮT,M3,M,2,1
Pavel NOVOTNÝ,M6,M,2,2
Pavel MELKA,M5,M,2,2
Jarmila BARTÁKOVÁ,M2,F,2,1
Jarmila STAWARITSCHOVÁ,M6,F,2,1
Jarmila STAWARITSOVÁ,M6,F,2,1
Janet REDMANOVÁ,?,F,2,2
Jana POŠTOVÁ,M1,F,2,2
Jan BUKOVSKÝ,M1,M,2,2
Vladimír BUŘT,M6,M,2,1
Bas EICHOUT,M6,M,2,2
Anna LEHKÁ,M5,F,2,2
Anna JOHANSSONOVÁ,M6,F,2,2
Andy RIVKIN,M3,M,2,1
Anděla UHLÍŘOVÁ,M2,F,2,1
Anes PODIČ,M5,M,2,1
Ludmila PALÁTOVÁ,M6,F,2,1
Lukáš KUNST,M2,M,2,1
Markéta PEKAROVÁ ADAMOVÁ,M6,F,2,2
Markus REX,M6,M,2,1
Mariusz MAJ,M2,M,2,2
Mark FAHERTY,?,M,2,1
Marika KUPKOVÁ,M5,F,2,1
Marilyn BRANDTOVÁ,M3,F,2,1
Mario DRAGHI,M6,M,2,2
Lukáš VLČEK,M5,M,2,1
Lukáš ZÁRUBA,M5,M,2,1
Ludvík DROBNÝ,M6,M,2,1
Marc AYRAULT,M6,M,2,2
Patricia ESPINOSOVÁ,M6,F,2,2
Šprinz BEZPP,M6,M,2,1
Jan SOUKUP,M2,M,2,1
Jan SAUDEK,M2,M,2,1
Jan RICHTER,M6,M,2,1
Jan POHL,M5,M,2,1
Štěpán SEDLÁČEK,M1,M,2,1
Mark RIEDER,M3,M,2,1
Jan PIŇOS,M1,M,2,2
Jan ZÁVĚŠICKÝ,M5,M,2,2
Štěpán KYJOVSKÝ,M5,M,2,1
Marcel RAYNAUD,M2,M,2,1
Jan VOPRAVIL,M3,M,2,1
Jan SVEJKOVSKÝ,M1,M,2,1
Jan SVOBODA,M5,M,2,1
Jan SÁGL,M6,M,2,1
Jan PŘÍHODA,M1,M,2,1
Vojtěch KUNA,M5,M,2,1
Vlastimil VÁLEK,M6,M,2,2
Vojtěch ADAM,M6,M,2,2
Luděk KŘEPELKA,M2,M,2,2
Vladimír KRÁČALÍK,M6,M,2,1
Vladimír PÍSKALA,M1,M,2,2
Vladimír JANATA,M5,M,2,2
Vojtěch SALAJKA,M2,M,2,1
Manfred MANNHEIM,M2,M,2,2
Vratislav MYNÁŘ,M6,M,2,2
Antonín ŠIMŮNEK,M1,M,2,1
Anthony COSTELLO,M3,M,2,1
Malu DREYEROVÁ,M6,F,2,2
Magnus GUDMUNDSSON,M5,M,2,1
Marek LAHODA,M3,M,2,1
Aaron DAVIS,M3,M,2,1
Margaret WILLIAMSOVÁ,M5,F,2,2
Marek SLÁMA,M2,M,2,1
Vojtěch ZAPLETAL,M5,M,2,1
Lion NASUTION,M6,M,2,2
Jana KUČEROVÁ,M1,F,2,1
Pascal PERRINEAU,M3,M,2,2
Patricia ESPINOSA,M6,F,2,2
Pan WANG,M2,M,2,1
Paolo GENTILONI,M6,M,2,2
Pam GARTONOVÁ,M2,F,2,1
Pan HAVLAS,M2,M,2,2
Vladimír KOŘEN,M6,M,2,1
Jan KOPP,M3,M,2,1
Jan KOZEL,M5,M,2,1
Pavel KARAS,M1,M,2,1
Jan HODOVSKÝ,M5,M,2,2
Jaroslav DOLEŽEL,M3,M,2,1
Jaroslav DVOŘÁK,M6,M,2,1
Pavla SKŘIVÁNKOVÁ,M3,F,2,1
Pavla HOBÍKOVÁ,M1,F,2,1
Jan KOZINA,M5,M,2,1
Tomalský BEZPP,M6,M,2,1
Tomáš SALOV,M1,M,2,2
Tomáš MYSLÍKOVJAN,M5,M,2,1
Tomáš NEČAS,M5,M,2,1
Tomáš PFEILEF,M5,M,2,1
Cesar MUNOZ,M5,M,2,1
Martin HAVLÍČEK,M2,M,2,1
Martin HRUBÝ,M3,M,2,2
Lolepo TETILE,M2,M,2,2
Viktor TŘEBICKÝ,M5,M,2,1
Virginia ROSEOVÁ SEAGALOVÁ,M6,F,2,2
Bir LAMA,M6,M,2,2
Bisbal BOTERO,M2,M,2,2
Uri SCHOR,M1,M,2,2
Martin LUDVÍK,M6,M,2,2
Martin LULÁK,M1,M,2,1
Martin KRUŠINA,M5,M,2,1
Martin KRAMEŠ,M6,M,2,1
Martin BÚTORA,M3,M,2,1
Arnold SCHWARZENEGGER,M6,M,2,2
Asli OZKIMIROVÁ,M3,F,2,2
Audun SALTE,M2,M,2,1
Vladimír STŘÍBRNÝ,M6,M,2,1
Vladimír VALEŠ,M6,M,2,1
Lucie SMOLKOVÁ,M5,F,2,2
Lucy CHANOVÁ,M5,F,2,1
Lucie CHLEBKOVÁ,M5,F,2,1
Jacinda ARDERNOVÁ,M6,F,2,2
Barbora SILNÁ,M1,F,2,1
Barbora LOSKOTOVÁ,M3,F,2,1
Vjačeslav VOLODIN,M6,M,2,2
Martin CALLANAN,M5,M,2,1
Maroš ŠEFČOVIČ,M6,M,2,2
Bill PEDUTO,M6,M,2,2
Betina DUROVNIOVÁ,M3,F,2,1
Berit REISS ANDERSENOVÁ,M6,F,2,1
Barbara HENDRICKSOVÁ,M6,F,2,2
Jadwiga EMILEWICZOVÁ,M6,F,2,2
Ivo PAVLÍK,M5,M,2,1
Pavel ŠPRINZ,M6,M,2,1
Pavel ŠTĚPÁNEK,M2,M,2,1
Pavel ŠAMONIL,M3,M,2,1
Linda DOSTÁLKOVÁ,M5,F,2,2
Valentin LEVKOVSKIJ,M2,M,2,1
Bohuslav JANDÁČEK,M2,M,2,1
Aurora RANGELOVÁ,M2,F,2,2
Bohdan LOJKA,M5,M,2,1
Blanka KOTRLOVÁ,M6,F,2,2
Umberto CELLA,M3,M,2,1
Tomáš TRNKA,M5,M,2,2
Tomáš TUHÝ,M2,M,2,2
Tomáš RENDLA,M2,M,2,1
Vasilij ROGATYČ,M2,M,2,2
Vendula BENEŠOVÁ,M2,F,2,2
Valérie MASSON DELMOTTEOVÁ,M6,F,2,2
Bohuslav SVOBODA,M6,M,2,2
Francios ENGELBRECHT,M3,M,2,2
Filip ZDRAŽIL,M1,M,2,2
Podle NKÚ,?,F,2,2
Pojezný KSČM,M6,M,2,1
Petr VOTRUBA,M2,M,2,2
Petr VOŘÍŠEK,M6,M,2,1
Pradipta BARUAH,M5,F,2,2
Princ CHARLES,M6,M,2,1
Dany KOLSKÝ,M2,M,2,2
Rainer ROEHE,M3,M,2,2
Radoslav NĚMEC,M3,M,2,1
Radovan KVAPIL,M2,M,2,1
Radovan SRBA,M5,M,2,1
Eva JENÍKOVÁ,M3,F,2,1
Erich PRUSEK,M2,M,2,1
Johannes BREIVIK,M6,M,2,1
John ENTSMINGER,M5,M,2,2
Frank BAINIMARAMA,M6,M,2,2
Mitch MCCONNELL,M5,M,2,2
Mitchell PERRY,M2,M,2,2
Miroslav TRNKA,M5,M,2,1
Petr OLYŠAR,M5,M,2,2
Generation EU,?,M,2,2
Georg GRUNJES,M5,M,2,2
George DURNER,M3,M,2,1
Gašpar ČAMLÍK,M3,M,2,1
Joachim SCHNELLNHUBER,M3,M,2,1
Galerie PLATO,?,F,2,2
Miroslav HOCHVALD,M6,M,2,2
Miroslav BOBEK,M5,M,2,2
Radek STROUHAL,M6,M,2,1
Radek HOŘÁK,M5,M,2,2
Pierre CHASSERAY,M5,M,2,2
Piráti OSN,?,M,2,1
Philippe WAECHTER,M5,M,2,2
Joel HARPER,M3,M,2,1
Gaelle DAHERON,M5,F,2,2
Edward KING,M3,M,2,1
Ejtan SAT,M2,M,2,1
Elias BARTICEVIC,M5,M,2,2
Rami MIZRACHI,M5,M,2,2
Raylene BROWNOVÁ,M2,F,2,1
Rae HAVREYOVÁ,M5,F,2,1
Milan GRYNDLER,M3,M,2,2
Richard NETOPIL,M2,M,2,1
Miloš BARTÁK,M3,M,2,2
Rex TILLERSON,M5,M,2,2
Ricardo JANA,M3,M,2,2
Else SEEBURGEROVÁ,M2,F,2,2
Hana TOMAŠTÍKOVÁ,M1,F,2,2
Jiří DUSPIVA,M5,M,2,1
Jiří BOUČEK,M6,M,2,1
Jimmy CARTER,M6,M,2,1
Jindřich MACHALA,M1,M,2,1
Reportéři ČT,?,M,2,2
Milan POLEDNÍK,M3,M,2,1
Rafal KMIECIK,M5,M,2,2
Rafal TRZASKOSKI,M6,M,2,2
Ewa BIEŇKOWSKÁ,M3,F,2,1
Eva ŠELEPOVÁ,M1,F,2,2
Přemysl NĚMEC,M6,M,2,1
Přemysl RABAS,M5,M,2,2
Miloš URBAN,M5,M,2,1
Emira HOLMEY,M1,F,2,1
Jolka KRÁSNÁ,M1,F,2,2
Radek ORT,M2,M,2,1
Radek PASTRŇÁK,M2,M,2,2
Falcon SCOTT,M2,M,2,1
Ferdinand DUDENH FFER,M5,M,2,2
Fabien MOREAU,M2,M,2,1
Eva ŠTOLCOVÁ,M2,F,2,1
Ewa BIE KOWSKÁ,M3,F,2,1
Ema OSTŘÍŽKOVÁ,M5,F,2,2
Joquín ROA,M6,M,2,2
Alistair PIKE,M3,M,2,2
Aleš FARDA,M5,M,2,1
Aleš VAVŘINA,M2,M,2,1
Zdeněk VACEK,M2,M,2,1
Lukáš KOPECKÝ,M1,M,2,1
Lukáš KOVÁR,M2,M,2,1
Marie HORÁLKOVÁ,M2,F,2,1
Marie KLISOVÁ,M2,F,2,1
Petr MARADA,M2,M,2,1
Maria NEIROVÁ,M5,F,2,2
Maria SASSOLI,M6,F,2,2
Malcolm TURNBULL,M6,M,2,1
Alexander HUG,M5,M,2,2
Zdeněk MAHOVSKÝ,M6,M,2,1
Yves PLANCHEREL,M3,M,2,2
Za ČSSD,?,F,2,2
Wu ČCHIANG,M3,M,2,1
Marie MAZALOVÁ,M2,F,2,1
Členové KDU ČSL,?,M,2,2
Adam FENECH,M3,M,2,1
Paul THOMAS,M5,M,2,1
Jan WIESNER,M6,M,2,2
Jan WOERNER,M5,M,2,1
Václav ČERNOHOSKÝ,M1,M,2,1
Jan LUKAVSKÝ,M3,M,2,1
Zdeněk VOLEJNÍK,M6,M,2,1
Alžběta KRÁLOVÁ,M3,F,2,2
Jan TOMALSKÝ,M6,M,2,1
Ústavní SOUD,?,M,2,1
Zuzana ŠEBELÍKOVÁ,M5,F,2,1
Zuzana HODKOVÁ,M1,F,2,2
Albert ASSÉRAF,M5,M,2,2
Al SHARPTON,M6,M,2,2
Zachraňme ČSSD,?,F,2,1
Zbigniew ZIOBRO,M6,M,2,2
Alvina PÉREZOVÁ,M2,F,2,2
Yitzhak PAZ,M5,M,2,1
Monika HERTLOVÁ,M5,F,2,1
Petr KORHON,M2,M,2,1
Petr KLÁSEK,M6,M,2,1
Gunnar VAGSTEDT,M5,M,2,2
Franziska WESSELOVÁ,M5,F,2,1
Frauke PETRYOVÁ,M6,F,2,2
Fred SPOOR,M3,M,2,2
František SVOBODA,M5,M,2,1
William PATZERT,M3,M,2,2
František JEMELKA,M1,M,2,2
Miroslav TESAŘ,M3,M,2,1
Jiří PAZDERKA,M3,M,2,1
Joe WILLIAMS,M5,M,2,1
Petr ŠLEGR,M5,M,2,1
Petr ZAJÍC,M5,M,2,1
Frida BENGTSSONOVÁ,M5,F,2,2
Fuat CANBOLAT,M5,M,2,1
František NĚMEC,M5,M,2,1
Winfried KRETSCHMANN,M6,M,2,2
Zsuzsanna JAKAB,M5,F,2,1
Patrik EICHLER,M1,M,2,1
Paris STEFANOUDIS,M5,M,2,2
Pascal CANFIN,M6,M,2,2
Jan FREIDIINGER,M5,M,2,1
Jan HELEŠIC,M5,M,2,1
Zlatuše VIAČKOVÁ,M1,F,2,1
Muhammad SÁD,M2,M,2,2
Pavel DOLEČEK,M5,M,2,2
Jan ŠÍMA,M5,M,2,1
Jana BROŽOVÁ,M2,F,2,2
Jiří KLÁPŠTĚ,M5,M,2,2
Guy STEAR,M5,M,2,2
Gregory DEBRUYNE,M2,M,2,1
Grigorij MESEŽNIKOV,M6,M,2,1
González IŇÁRRITU,M2,M,2,2
Greens EFA,?,M,2,1
Pavel HOBZA,M3,M,2,2
Sophie BACKSENOVÁ,M2,F,2,2
Soňa VALUCHOVÁ,M5,F,2,1
David KLIMEŠ,M5,M,2,1
David GROS,M5,M,2,1
Karel PTÁČEK,M6,M,2,1
Karel BŘEZINA,M2,M,2,1
Kamil LÁSKA,M3,M,2,2
Kamil PARUCH,M5,M,2,1
Jindřich ŠÍDLO,M5,M,2,1
Michal JARRAUD,M6,M,2,2
Siračaj ARUNRUGSTIČAJ,M3,M,2,2
Shawn FARRY,M3,M,2,1
Serkan COSKUN,M2,M,2,2
Severovýchod USA,?,M,2,2
Shane FITZSIMMONS,M5,F,2,2
Serge WICH,M3,F,2,1
David ČERNÝ,M2,M,2,1
Michal JAKOUBEK,M2,M,2,1
Mugu UTUAQ,M2,M,2,1
Muhammad NAŠÍD,M6,M,2,2
Gergely KARÁCSONY,M6,M,2,2
Gero NEUGEBAUER,M3,M,2,2
Giuseppe CONTE,M6,F,2,2
Heather NAUERTOVÁ,M1,F,2,1
Heinz GIES,M2,M,2,2
Michel BARNIER,M6,M,2,2
Sammie APLINOVÁ,M2,F,2,1
Sally DAVIESOVÁ,M6,F,2,1
Saar SAFRA,M5,M,2,1
Jérémie JAEGER,M5,F,2,1
Justin TRUDEA,M6,M,2,2
Sarah PORTEROVÁ,M5,F,2,2
Saskia ESKENOVÁ,M6,F,2,1
Satya NADELLA,M5,F,2,1
Divák MD,M2,M,2,2
Der BELLEN,M6,M,2,1
Salik HARD,M5,M,2,2
Ivo ANDRLE,M5,M,2,1
Ivana MARIÁNKOVÁ,M5,F,2,1
Ivan SLIMÁK,M5,M,2,1
Ivan STURROCK,M2,M,2,1
Jaroslav ADÁMEK,M5,M,2,1
Jaroslav BEDNAŘÍK,M6,M,2,1
Herve QUENOL,M3,F,2,1
Hervé GARNIER,M5,M,2,2
David RYČL,M5,M,2,1
Henry STRASEN,M6,M,2,1
Petr BROŽ,M3,M,2,1
Nicoletta ARTUSOVÁ,M2,F,2,2
Hubert VALÁŠEK,M5,M,2,1
Karolína BAUEROVÁ,M2,F,2,2
Dashpurev TSERENDELEG,M5,M,2,2
Dave ZANIVONI,M5,F,2,2
Stefan KORB,M5,M,2,2
Henrique PERREIRA,M2,F,2,2
David MUHLGAY,M5,M,2,2
David PAZ,M5,M,2,2
Simon LEWIS,M3,M,2,1
Karel VÍT,M5,M,2,1
Karel ŠÍMA,M2,M,2,1
Michaela SCH NOVÁ,M2,F,2,1
Stuart GOODALL,M5,M,2,1
Daniel KAISER,M5,M,2,1
Pavla HOLCOVÁ,M5,F,2,1
Stanislav BILER,M3,M,2,1
Michal ANDELEK,M5,M,2,2
Michal DOŠEK,?,M,2,1
Iva LIBROVÁ,M1,F,2,1
Jaroslav ŠIMČÍK,M2,M,2,1
Jaroslava SMETANOVÁ,M6,F,2,1
Jaroslav ZEMAN,M6,M,2,2
Jaroslav NERAD,M5,M,2,1
Jaroslav PLESL,M5,M,2,1
Daniel FICHNA,M6,M,2,1
Elvíra HAHNOVÁ,M5,F,2,2
Jose HIDALDO,M5,F,2,1
Milan CAIS,M2,M,2,1
Milan DVOŘÁK,M3,M,2,1
Eri HANSEN,M5,M,2,1
Radim OCHVAT,M1,M,2,2
Josef LÉTAL,M6,M,2,1
Josef MLEJNEK,M3,M,2,1
Petr HRADECKÝ,M5,M,2,2
Josef PROCHÁZKA,M5,M,2,1
Seb OSMAN,M2,M,2,2
Saša ŠTŘELCOVÁ,M5,F,2,1
Schillerová ANO,?,M,2,1
Joseph CHRISTIAN,M1,M,2,1
Josef PÁTEK,M6,M,2,1
Josef SEJÁK,M3,M,2,1
Josef SOTONA,M2,M,2,1
Josef PATZAK,M5,M,2,1
Jim CLARK,M2,M,2,2
Jim SKEA,M6,M,2,2
Petr BUŽA,M2,M,2,1
Petr CHMELAŘ,M1,M,2,1
Petr CINK,M5,M,2,1
Petr DIFKO,M2,M,2,1
Ned PRICE,M1,M,2,2
Nafkote DABIOVÁ,M5,F,2,2
Jiří JANOTA,M6,M,2,2
Jiří HUML,M5,M,2,1
Mnatsi MARAU,M4,M,2,2
Mogu UTUAQ,M2,M,2,1
Mohamed NAŠÍD,M6,M,2,2
Petr PAŘIL,M5,M,2,1
Jiří MIHOLA,M6,M,2,2
Jiří MÍKA,M5,M,2,1
Jiří NANTL,M5,M,2,1
Jiří MAREK,M2,M,2,1
Jiří HROMADA,M5,M,2,2
Michal ŠČASNÝ,M5,M,2,1
Michal ŽÁK,M1,M,2,1
Jeremy HUNT,M6,M,2,2
Ochirtogtoh TSEDENORGIH,M2,M,2,2
Odstoupení USA,?,M,2,2
Odsuren BUUVEIBAATAR,M5,M,2,1
Nommen KRUSE,M2,M,2,1
Payal PAREKHOVÁ,M2,F,2,2
Robert KIML,M5,M,2,1
Pavla MARCIÁNOVÁ,M3,F,2,1
Oldřich HALUZA,M1,M,2,1
Jerry BROWN,M6,M,2,2
Hallel SCHREIER,M5,M,2,1
Hamish CORMACK,M6,M,2,2
Petr JIRÁT,M5,M,2,1
Petr KLEČKA,M5,M,2,1
Petr HOGH,M5,M,2,1
Pedro SUERO,M5,M,2,1
Robert HALVER,M5,M,2,1
Robert HARVEY,M5,M,2,1
Rita UEDA,M2,F,2,1
Mike PENCE,M6,M,2,2
Mike POMPEO,M6,M,2,2
Roman KOBLÁSA,M5,M,2,1
Dušan VRBECKÝ,M1,M,2,1
Dušan VÁPENÍK,M5,M,2,2
Juan CARLOS,M2,M,2,2
Dominic BOYER,M3,M,2,2
Michal VAŇÁČ,M1,M,2,1
Michal NOVÁK,M5,M,2,2
Michal ORAVEC,M3,M,2,2
Deb MCLAUGHLINOVÁ,M2,F,2,1
Justyna KOWALEWSKÁ,M1,F,2,2
Julia KLOECKNEROVÁ,M6,F,2,2
Julie BISHOPOVÁ,M6,F,2,2
Julie GIBSONOVÁ,M3,F,2,1
Doreen WERNEROVÁ,M3,F,2,2
Že KDU,?,F,1,1
Abdel ATY,M6,M,1,1
Abdi ACHEGEI,M5,M,1,1
Abdul ABDI,M2,M,1,1
Abel MUSANA,M5,M,1,1
Abiy AHMED,M6,M,1,1
Abraham QUISPE,M2,M,1,1
Achim SIEPEN,M2,M,1,1
Adam CHLUBNA,M2,M,1,1
Adam KUČÍNSKÝ,M5,M,1,1
Adam PETRUSEK,M3,M,1,1
Adam REZEK,M2,M,1,1
Adelaide CHOKOEOVÁ,M2,F,1,1
Adhanom GHEBREYESUS,M5,M,1,1
Adrian FERNANDEZ,?,M,1,1
Adrian FILCÍK,M2,M,1,1
Adriana GRUBNEROVÁ,M2,F,1,1
Adriano RABELO,M2,M,1,1
Adéla MIKESKOVÁ,M5,F,1,1
Agentura AFP,?,F,1,1
Agniezska PAMASKÁ,M6,F,1,1
Agniezska POMASKÁ,M6,F,1,1
Čchin ČEN,M5,M,1,1
Černá DVOŘÁKOVÁ,M1,F,1,1
Česká BIS,?,M,1,1
Část CEITEC,?,M,1,1
Čína USA,?,F,1,1
Šang ŤING,M2,M,1,1
Šanti DEVIOVÁ,M2,F,1,1
Škoda ENYAQ,?,F,1,1
Aires SILVA,M2,M,1,1
Aksamit KOPERSKÁ,M3,F,1,1
Akt OVM,?,M,1,1
Akta OVM,?,F,1,1
Aktech OVM,?,M,1,1
Aktuálně ČR,?,M,1,1
Al FRANKEN,M6,M,1,1
Al SHARPTON,M5,M,1,1
Zdeňka SOUKUPOVÁ,M5,F,1,1
Zemanova ČSSD,?,F,1,1
Zoe FLANAGANOVÁ,M2,F,1,1
Zpráva EEA,?,F,1,1
Zpráva EK,?,F,1,1
Zsolt SEMJÉN,M6,M,1,1
Agniwzska POMASKÁ,M6,F,1,1
Aigerim TOLEUKANOVOVÁ,M1,F,1,1
Zdeněk PELDA,M3,M,1,1
Zdeněk ROSA,M6,M,1,1
Zdeněk SEČKA,M2,M,1,1
Zdeněk STŘÍŽEK,M5,M,1,1
Zdeněk VYKYDAL,M6,M,1,1
Zdeněk ZVONEK,M1,M,1,1
Zdeněk ZÍDEK,M5,M,1,1
Zdeněk ŠKROMACH,?,M,1,1
Alexander RAFAEL,M2,M,1,1
Alexandr GORBUNOV,M5,M,1,1
Alexandr OVEČKIN,M2,M,1,1
Alexej RUŠKICH,M6,M,1,1
Alexej ULUKAJEV,M6,M,1,1
Aleš BARTOŠ,M5,M,1,1
Aleš CIGÁNEK,M1,M,1,1
Zdeněk PAZDERKA,M2,M,1,1
Lukáš KOVANDA,M6,M,1,1
Lukáš LINHART,M5,M,1,1
Lukáš STRNAD,M5,M,1,1
Lukáš ULRYCH,M2,M,1,1
Lukáš VALEŠ,M3,M,1,1
Lukáš ČÍŽEK,M3,M,1,1
Lumír KREJČÍ,M5,M,1,1
Léčba HIV,?,F,1,1
Maria CALISAYOVÁ,M2,F,1,1
Mariana TELEKEŠOVÁ,M2,F,1,1
Marie FIŽOVÁ,M2,F,1,1
Marie HAGAOVÁ,M5,F,1,1
Marie HEŘMÁNKOVÁ,M1,F,1,1
Marie KUBÍKOVÁ,M6,F,1,1
Marie ČÁPOVÁ,M5,F,1,1
Lukáš KOPEČNÝ,M1,M,1,1
Manuela SCHWESIGOVÁ,M6,F,1,1
Marek LOULA,M5,M,1,1
Marek SKALICKÝ,M6,M,1,1
Marek SLOVÁČEK,M2,M,1,1
Marek ČERMÁK,M5,M,1,1
Marel VELEBNÝ,M2,M,1,1
Margo WOLLASTONOVÁ,M2,F,1,1
Margrethe VESTAGEROVÁ,M6,F,1,1
Mairi GOUGEONOVÁ,M6,F,1,1
Mamadou MBODJI,M6,M,1,1
Mami MIZURORIOVÁ,M6,F,1,1
Mamo GODANA,M5,M,1,1
Management ČEZ,?,M,1,1
Manoj KUMAR SINGH,M6,M,1,1
Manuel BARROSO,M6,M,1,1
Manuel SANTOS,M6,M,1,1
Luis MORAGO,M5,M,1,1
Lukasz CHORBACZ,M6,M,1,1
Luke PETERS,M2,F,1,1
Lukáš AUGUSTIN,M1,M,1,1
Lukáš BERNAT,M1,M,1,1
Lukáš BĚLOHRADSKÝ,M5,M,1,1
Lukáš DUBEC,M5,M,1,1
Lukáš HATAŠ,M6,M,1,1
Markéta KNOFLÍKOVÁ,M2,F,1,1
Markéta KOLOFÍKOVÁ,M2,F,1,1
Ludovic HOCHART,M5,M,1,1
Ludovic RAVANEL,M3,M,1,1
Ludvík TVARŮŽEK,M5,M,1,1
Luděk KLUSÁČEK,M5,M,1,1
Luděk LISTÍK,M5,M,1,1
Luděk PĚNKAVA,M6,M,1,1
Marián JUREČKA,M6,M,1,1
Mark ADAMS,M1,M,1,1
Mark EAKIN,M3,M,1,1
Mark PAWSEY,M6,M,1,1
Mark RUGGIERO,M1,M,1,1
Mark WRIGHT,M3,M,1,1
Markus SCHEUERMAIER,M6,M,1,1
Markéta DOBIÁŠOVÁ,M1,F,1,1
Lídrem KDU ČSL,?,M,1,1
Lídři EU,M6,M,1,1
Lídři ODS,M6,M,1,1
López OBRADOR,M6,M,1,1
Maatiusi MANNING,M2,M,1,1
Marika VOLFOVÁ,M5,F,1,1
Marion MECEDOVÁ,M2,F,1,1
Mariupolu AZOS,?,M,1,1
Martin HUBENÝ,M3,M,1,1
Martin JAHN,M6,M,1,1
Libor STRAKOŠ,M5,M,1,1
Libor VÁVRA,M6,M,1,1
Lidové REPUBLIKY,?,M,1,1
Light BENJAMIN,M2,M,1,1
Lin SHIOU RUEI,M3,M,1,1
Lina BURNELIUSOVÁ,M5,F,1,1
Markéta WITOSZOVÁ,M5,F,1,1
Maroš PRČINA,M1,M,1,1
Maroš ŠEFCOVIČ,M6,M,1,1
Mars MISSION,?,M,1,1
Martin CIDLINSKÝ,M1,M,1,1
Martin GEBAUER,M5,M,1,1
Martin HANEL,M3,M,1,1
Martin HANOUSEK,M3,M,1,1
Lucie CWIKOVÁ,M3,F,1,1
Lucie DOSEDĚLOVÁ,M1,F,1,1
Lucie PETŘÍČKOVÁ,M1,F,1,1
Lucie SMOLKOVÁ,?,F,1,1
Lucie SMOLKOVÁ,M2,F,1,1
Lucie VRBOVÁ,M2,F,1,1
Lucino NEZZI,M2,M,1,1
Markéta SEIDLOVÁ,M6,F,1,1
Lukáš HRÁBEK,M1,M,1,1
Lukáš HÁJEK,M5,M,1,1
Lukáš JANOTA,M2,M,1,1
Lubomír METNAR,M6,M,1,1
Lubomír ZEMAN,M3,M,1,1
Luboš VLČEK,M5,M,1,1
Luc MÉLENCHON,M6,M,1,1
Luc PIGUET,M5,M,1,1
Martin MOKREJŠ,M3,M,1,1
Martin PAJER,M6,M,1,1
Martin PALOUŠ,M5,M,1,1
Lenka KOVAČOVSKÁ,M5,F,1,1
Lenka ONDRÁČKOVÁ,M5,F,1,1
Lenka WEGRZINOVÁ,M2,F,1,1
Leona JINDROVÁ,M1,F,1,1
Leonard KUNTZ,M2,M,1,1
Louise FRESCOVÁ,M3,F,1,1
Lourdes AYALOVÁ,M2,F,1,1
Martin KAISER,M5,M,1,1
Martin KOLOVRATNÍK,M6,M,1,1
Martin KOPECKÝ,M3,M,1,1
Martin KUKUČKA,M1,M,1,1
Martin LAŠTUVKA,M1,M,1,1
Martin LUKÁŠ,M5,M,1,1
Lisa MURKOWSKIOVÁ,M6,F,1,1
Liseline LAVOINEOVÁ,M5,F,1,1
Livia KLAUSOVÁ,M2,F,1,1
Liz TRUSS,M6,M,1,1
Lorenz VAFFLER,M6,M,1,1
Lorenzo STEFANI,M1,M,1,1
Lorna HEMPSTEADOVÁ,M5,F,1,1
Louis FLETCHER,M6,M,1,1
Linda ZEILINA,M5,F,1,1
Lindley JOHNSON,M3,M,1,1
Lindsey GRAHAM,M6,M,1,1
Line BAY,M3,F,1,1
Line BAYOVÁ,M3,F,1,1
Lirsti LONKOVÁ,M5,F,1,1
Lisa MUMFORDOVÁ,M2,F,1,1
Lisa MURKOEWSKLOVÁ,M6,F,1,1
Larry ELDER,M6,M,1,1
Larry HOGAN,M6,M,1,1
Laura HUTCHINSONOVÁ,M2,F,1,1
Laura MELLEROVÁ,M3,F,1,1
Laura WALTERSOVÁ,M2,F,1,1
Laurent JACQUES,M6,M,1,1
Laďka SKOPOVÁ,M2,F,1,1
Le MAIRE,M6,F,1,1
Martin ROMAN,M5,M,1,1
Martin SEMRÁD,M3,M,1,1
Martin SLORIARIK,M5,M,1,1
Martin SORG,M3,M,1,1
Martin TOBOLKA,M2,M,1,1
Ladislav ŠIGUT,M3,M,1,1
Ladislav ŠTICHA,M1,M,1,1
Laetitia BROCKOVÁ,M1,F,1,1
Li HUEI LAN,M2,M,1,1
Li KCHE ČCHIANG,M6,M,1,1
Liam GOLDING,M2,M,1,1
Martin PLÍŠEK,M6,M,1,1
Martin POVEJŠIL,M6,M,1,1
Martin PRAJER,M6,M,1,1
Martin RACHMANN,M1,M,1,1
Martin REŠ,M2,M,1,1
Leonore GEWESSLER,M6,F,1,1
Leonore GEWESSLEROVÁ,M6,F,1,1
Leoš HEGER,M6,M,1,1
Leoš KUBELKA,M2,M,1,1
Leszek WI NIEWSKI,M5,M,1,1
Lesů ČR,?,M,1,1
Levent KURNAZ,M3,M,1,1
Levice NATO,?,F,1,1
Matt DUNBABIN,M5,M,1,1
Matteo RENZI,M6,M,1,1
Matteo SALVINI,M6,M,1,1
Matthias HUSS,M3,M,1,1
Matthias KNOTT,M1,M,1,1
Matyáš JAKUBŮ,M2,M,1,1
Matěj FICHTNER,M6,M,1,1
Matěj PEKR,M2,M,1,1
Martin TOMŠÍČEK,M2,M,1,1
Martin ZAVRTÁLEK,M5,M,1,1
Martin ŠPALEK,M6,M,1,1
Martin ŠTRUPL,M5,M,1,1
Martina NAVRÁTILOVÁ,M2,F,1,1
Martina RIEBAUEROVÁ,M5,F,1,1
Martina VAŠÁKOVÁ,M3,F,1,1
Masajči KAWAMOTO,M2,M,1,1
Kryštof EBEN,M5,M,1,1
Kumar SINGH,M6,M,1,1
Kumar ŠARMA,M5,M,1,1
Lada PETRÁNKOVÁ,M2,F,1,1
Lada WAGNEROVÁ,M2,F,1,1
Ladislav AMBROZEK,M6,M,1,1
Ladislav HOLEŠ,M6,M,1,1
Ladislav KOKTA,M2,M,1,1
Lechaki PARSAALACHOVÁ,M2,F,1,1
Leena SRIVASTVA,M3,F,1,1
Lenka AUGUSTOVÁ,M2,F,1,1
Lenka CHALUPOVÁ,M1,F,1,1
Lenka FIERLOVÁ,M2,F,1,1
Kristina DVOŘÁKOVÁ,M1,F,1,1
Kristýna KOLOVRÁTKOVÁ,M1,F,1,1
Kryscina CIMANOUSKÁ,M2,F,1,1
Kmotr VR,?,M,1,1
Ko BARETTOVÁ,M6,F,1,1
Koalici SPOLU,?,M,1,1
Koaliční ČSSD,?,M,1,1
Komisariát OSN,?,M,1,1
Kongresu OSN,?,M,1,1
Konrad SEBLON,M2,M,1,1
Kornél CZÍRIA,M5,M,1,1
Michael BENDAVID,M5,M,1,1
Kitty FERGUSONOVÁ,M2,F,1,1
Klaus JOHANNIS,M6,M,1,1
Klub KSČM,?,M,1,1
Klára HLAVÁČKOVÁ,M2,F,1,1
Klára KOŠINOVÁ,M3,F,1,1
Klára PUČEROVÁ,M5,F,1,1
Klára STOLINSKÁ,M2,F,1,1
Melania RODRIGUEZOVÁ,M2,F,1,1
Melanie ENGRAMOVÁ,M3,F,1,1
Melina GATESOVÁ,?,F,1,1
Melinda GATESOVI,?,F,1,1
Mercedes RBS,?,M,1,1
Metoda PCR,?,F,1,1
Metody CRISPR,?,M,1,1
Micha KURTYKA,M6,F,1,1
Max BARCLAY,M5,M,1,1
Max GRAHAM,M5,M,1,1
Max VERTELESKYI,M5,M,1,1
Max WAKEFIELD,M5,M,1,1
Maxim LOMYKIM,M2,M,1,1
Meeri KOIVUNIEMIOVÁ,M3,F,1,1
Meghan MARKLEOVÁ,M2,F,1,1
Meghan TAYLOROVÁ,M2,F,1,1
Michaela BOTHOVÁ,M1,F,1,1
Michaela MAREČKOVÁ,M3,F,1,1
Michaela PRUKNEROVÁ,M6,F,1,1
Karel ČERMÁK,M5,M,1,1
Karel ŠROL,M1,M,1,1
Karin POLZIOVÁ,M2,F,1,1
Karina KOTTOVÁ,M5,F,1,1
Karina KUBELKOVÁ,M5,F,1,1
Kim DO HYEON,M5,M,1,1
Kim HOLMEN,M5,M,1,1
Michael CANOV,M6,M,1,1
Michael HOULT,M2,M,1,1
Michael KIDD,?,M,1,1
Michael MCLAUGHLIN,M2,M,1,1
Michaela BABIŠOVÁ,M5,F,1,1
Michaela BELASOVÁ,M5,F,1,1
Kenneth JALOWITZ,M6,M,1,1
Kerem ATATUN,M5,M,1,1
Keren NEELYOVÁ,M3,F,1,1
Kevin FAULCONER,M6,M,1,1
Kevin JOHNSON,M2,M,1,1
Kevin PAFFRATH,M6,M,1,1
Keystone XL,?,F,1,1
Kidan BIRHANEOVÁ,M2,F,1,1
Krista MIKKONENOVÁ,M6,F,1,1
Katrin FLEISCHEROVÁ,M3,F,1,1
Kdy MPO,?,M,1,1
Kdyby ČSSD,?,M,1,1
Kejči JUMOTO,M5,M,1,1
Kellyanne CONWAYOVÁ,M5,F,1,1
Ken BRYANT SMITH,M2,M,1,1
Ken TAYLOR,M3,M,1,1
Kamil VÁVRA,M2,M,1,1
Kandidátem SPD,?,M,1,1
Kapela MIDI,?,F,1,1
Karel HANZELKA,M1,M,1,1
Karel KALIVODA,M6,M,1,1
Karel KLEMO,M3,M,1,1
Karel OTAVA,M6,M,1,1
Karel PEŠÁK,M5,M,1,1
Michal HÁJEK,M3,M,1,1
Michal JAKUBEC,M2,M,1,1
Michal KADERA,M5,M,1,1
Michal KOZUBEK,M3,M,1,1
Michal KURTYKA,M5,M,1,1
Michal KURTYKA,M6,M,1,1
Michal KŘEMEN,M2,M,1,1
Kamil ISIKLI,M2,M,1,1
Kate SHEFFEROVÁ,M5,F,1,1
Kateřina DAVIDOVÁ,M5,F,1,1
Kateřina HOFSCHNAIDROVÁ,M2,F,1,1
Michal DRÁBEK,M5,M,1,1
Michal DUSÍK,M1,M,1,1
Michal HLAVIČKA,M6,M,1,1
Michal HODRAVA,M2,M,1,1
Michal HOZÁK,M2,M,1,1
Karine ELHARRAROVÁ,M6,F,1,1
Karine ELHARRAROVÉ,M6,F,1,1
Karla IV,?,F,1,1
Karla IV,M6,F,1,1
Karolina BACOVÁ POGORZELSKÁ,M1,F,1,1
Karolína BRANDLOVÁ,M3,F,1,1
Katarína SENDECKÁ,M3,F,1,1
Kate BROWNOVÁ,M6,F,1,1
Jurij MOJSEVIČ,M5,M,1,1
Justin HORN,M3,M,1,1
Jyri VILJANEN,M2,M,1,1
Jytte GUTELANDOVÁ,M6,F,1,1
János ÁDER,M6,M,1,1
Kacanobu KATO,M6,M,1,1
Kaci KULLMANOVÁ FIVEOVÁ,M6,F,1,1
Kafule JIGZAV,M2,F,1,1
Jude LEE,M6,M,1,1
Judy FRYLANDOVÁ,M6,F,1,1
Julia EVEOVÁ TRUSTRAMOVÁ,M5,F,1,1
Julianne BARBIERE,M5,F,1,1
Julianne STROEVEOVÁ,M3,F,1,1
Julie LAMBOVÁ,M2,F,1,1
Julien PERRIN,M2,M,1,1
Juniorské ME,?,M,1,1
Michal SCHUSTER,M1,M,1,1
Michal SLOUKA,M2,M,1,1
Michal SZULDRZY SKI,M1,M,1,1
Michal VOTŘEL,M5,M,1,1
Michal ZEMAN,M3,M,1,1
Michal ŠEBELA,M1,M,1,1
Michel FONNE,M2,M,1,1
Michel TEMER,M6,M,1,1
Karel VLASÁK,M6,M,1,1
Michal MAREK,M3,M,1,1
Michal MIKŠÍK,M1,M,1,1
Michal PAŘÍZEK,M3,M,1,1
Michal POLANSKÝ,M2,M,1,1
Michal PRAPOTNY,M5,M,1,1
Michal RYBNÍČEK,M3,M,1,1
Michal RYGL,M6,M,1,1
Milan CHYTRÝ,M3,M,1,1
Milan ESTERKA,M5,M,1,1
Milan FAJMON,M6,M,1,1
Jorge YUNDA,M6,F,1,1
Jorgen LEFEVRE,M5,M,1,1
Josef HOLEŠ,M2,M,1,1
Josef KOTT,M6,M,1,1
Josef LEPŠA,M5,M,1,1
Miguel ROMERO,M2,M,1,1
Mike BARRET,M5,M,1,1
Mike BRUNE,M5,M,1,1
Mike RAWLINGS,M6,M,1,1
Mike SOMMERS,M5,M,1,1
Mikuláš MINÁŘ,M5,M,1,1
Milada VÁLKOV,M2,F,1,1
Milada VÁLKOVÁ,M2,F,1,1
Josef ŠEDLBAUER,M6,M,1,1
Joseph MEJLA,M2,M,1,1
Joseph MILLS,M2,M,1,1
Michelle BACHELETOVÁ,M6,F,1,1
Michelle OBAMOVÁ,M2,F,1,1
Micheál MARTIN,M6,M,1,1
Mick RYAN,M6,M,1,1
Miguel ARIAS CANETE,M6,M,1,1
Kamala HARRIS,M6,F,1,1
Josef MÁDLE,M1,M,1,1
Josef PATOČKA,M2,M,1,1
Josef POKORNÝ,M6,M,1,1
Josef STRAKA,M5,M,1,1
Josef SYPTÁK,M2,M,1,1
Josef SÍKELA,M6,M,1,1
Josef VALÁŠEK,M2,M,1,1
John WOJNOWSKI,M2,M,1,1
John YOUNGSTALLAN,M1,M,1,1
John YOUNGUSTALIAN,M1,M,1,1
John YOUNGUSTALLAN,M1,M,1,1
John ZIZIULAS,M6,M,1,1
Jonathan BRENT,M3,M,1,1
Jonathan EWING,M5,M,1,1
Jonathan POLLACK,M3,M,1,1
John CHRISTENSEN,M1,M,1,1
John EDEL,M2,M,1,1
John GADDIE,M1,M,1,1
John GRUNSFELD,M5,M,1,1
John HOLDREN,M3,M,1,1
John KASICH,M6,M,1,1
John KIRBY,M1,M,1,1
John SAUVEN,M5,M,1,1
Milena DRDÁCKÁ,M2,F,1,1
Miles DAVIS,M2,M,1,1
Miloslav MASAŘÍK,M6,M,1,1
Miloslava VOSTRÁ,M6,F,1,1
Miloš GREGOR,M3,M,1,1
Miloš HOLZER,M3,M,1,1
Johanna MIKLOVÁ LEITNEROVÁ,M6,F,1,1
Johannes TORPE,M2,M,1,1
Josef MUDRÁK,M6,M,1,1
Milan NIČ,M5,M,1,1
Milan NOVOTNÝ,M2,M,1,1
Milan STŘÍTESKÝ,M5,M,1,1
Milan VLČEK,M6,M,1,1
Milan VÁŇA,M3,M,1,1
Milan ŘEZNÍČEK,M1,M,1,1
Milan ŠTASTNÝ,M5,M,1,1
Joanie WILLETTOVÁ,M5,F,1,1
Joanna MIZIO EKOVÁ,M1,F,1,1
Joanna MIZIOLEKOVÁ,M1,F,1,1
Joe PELLE,M6,M,1,1
Joel KELOI,M2,M,1,1
Jog LAUE,M2,M,1,1
Johan HOLLANDER,M3,M,1,1
Jiří NĚMČÍK,M6,M,1,1
Jiří ŠTEFEK,M2,M,1,1
Jiří ŠTOČEK,M5,M,1,1
Jiří ŠTĚPÁN,M6,M,1,1
Jiří ŠÍMA,M1,M,1,1
Jiří ŠÍR,M5,M,1,1
Jo HOUSEOVÁ,M3,F,1,1
Joachim SCHELLNHBUER,M3,M,1,1
Joana CARVALHOVÁ,M3,F,1,1
Miroslav BRDA,M6,M,1,1
Miroslav BUCHTA,M2,M,1,1
Miroslav DVOŘÁK,M5,M,1,1
Miroslav KLACKOVIČ,M6,M,1,1
Miroslav MAKILA,M5,M,1,1
Jiří WEIGL,M6,M,1,1
Jiří ZIEGLER,M6,M,1,1
Jiří ŠESTÁK,M6,M,1,1
Jones ES,?,M,1,1
Jones FUROVÁ,M6,F,1,1
Jong KIM,M6,M,1,1
Joonas FRITZE,M5,M,1,1
Miloš KOVÁŘ,M5,M,1,1
Miloš PORČ,M5,M,1,1
Milton PEREZ,M2,M,1,1
Mimochodem USA,?,M,1,1
Mičio KAKU,M3,M,1,1
Mmadi REUBEN,M5,M,1,1
Mnislav ZELENÝ,M3,M,1,1
Mohamed HAMET,M6,M,1,1
Jiří HORSKÝ,M2,M,1,1
Jiří HORÁK,M2,M,1,1
Jiří JEŘÁBEK,M5,M,1,1
Jiří JUREČEK,M5,M,1,1
Miroslav RAUCH,M6,M,1,1
Miroslav SKÁCEL,M3,M,1,1
Miroslav TICHÝ,M5,M,1,1
Miroslav ZAVORAL,M5,M,1,1
Miroslava BŽOCHOVÁ,M1,F,1,1
Miroslava PLŠKOVÁ,M3,F,1,1
Mirto KIRUSIOVÁ,M2,F,1,1
Mitch SILBER,M5,M,1,1
Jiří TERYNGEL,M1,M,1,1
Jiří TUREK,M2,M,1,1
Jiří TVRDÝ,M2,M,1,1
Jiří VACEK,M2,M,1,1
Jiří VALENTA,M6,M,1,1
Jiří VAŇÁSEK,M5,M,1,1
Miroslav PACOVSKÝ,M6,M,1,1
Miroslav PÁLKA,M2,M,1,1
Jiří OVČÁČEK,M1,M,1,1
Jiří PETERKA,M2,M,1,1
Jiří POVAŽAN,M5,M,1,1
Jiří POVÝŠIL,M2,M,1,1
Jiří REIF,M3,M,1,1
Jiří RŮŽIČKA,M6,M,1,1
Jiří SEDMÍK,M3,M,1,1
Jiří SPRUŽINA,M3,M,1,1
Na SZDČ,?,F,1,1
Na ÚP,?,F,1,1
Nabíl FAHMÍ,M6,M,1,1
Naděžda GORYCZKOVÁ,M5,F,1,1
Naděžda OVSJANIKOVOVÁ,M2,F,1,1
Jill COOKOVÁ,M5,F,1,1
Jill LEWISOVÁ,M2,F,1,1
Jim NEWTON,M3,M,1,1
Motonobu KIMURA,M2,M,1,1
Muchar ABLJAZOV,M6,M,1,1
Mulyani INDRAWATOVÁ,M6,F,1,1
Muriel BOWSEROVÁ,M6,F,1,1
Má OKD,?,M,1,1
Na CNN,?,F,1,1
Na EU,?,F,1,1
Na ISS,?,F,1,1
Molu ČOI,?,M,1,1
Monika BEJČKOVÁ,?,F,1,1
Monika GSAENGEROVÁ,M2,F,1,1
Monira CHATUMOVÁ,M2,F,1,1
Morgan FREEMAN,M2,M,1,1
Moses AKORLI,M2,M,1,1
Moskevské CSKA,?,M,1,1
Mostafa SILÍTOVÁ,M6,F,1,1
Jiří KADEŘÁBEK,M2,M,1,1
Jiří KMET,M5,M,1,1
Jiří KOS,?,M,1,1
Jiří KOŽELOUH,M6,M,1,1
Jiří LOUČKA,M1,M,1,1
Jiří NEJDL,M2,M,1,1
Mohammad TAREF,M2,M,1,1
Mohsen FARHANGI,M5,M,1,1
Nick SHAPIRO,M5,M,1,1
Nico CUE,M6,M,1,1
Nicole HUNTEROVÁ,M3,F,1,1
Nicole STURGEONOVÁ,M6,F,1,1
Nicolás MADURO,M6,M,1,1
Nigel FARAGE,M6,M,1,1
Nikol COUFALOVÁ,M1,F,1,1
Nikolaj LEVKOVSKIJ,M2,M,1,1
Naďa PROKOPOVÁ,M2,F,1,1
Nedostatky NKÚ,?,M,1,1
Negativním PCR,?,M,1,1
Neil BURDEN,M2,M,1,1
Neil MILLS,M2,M,1,1
Nejméně CD,?,M,1,1
Nic LUGHADHAOVÁ,M3,F,1,1
Nicholas STERN,M6,M,1,1
Naopak ODS,?,M,1,1
Narciso TAPIA,M2,M,1,1
Narendra MODI,M6,F,1,1
Nath KOVIND,M6,M,1,1
Nathan HULTMAN,M5,M,1,1
Nathan SCHULHOFF,M2,M,1,1
Natálie FORSTEROVÁ,M1,F,1,1
Navíc NKÚ,?,M,1,1
Jirka MALÍK,M5,M,1,1
Jitka BLÁHOVÁ,M5,F,1,1
Jitka DOSTALOVÁ,M6,F,1,1
Jitka DOSTÁLOVÁ,M5,F,1,1
Jiřina VYBÍHALOVÁ,M1,F,1,1
Jiří DOLEŽAL,M1,M,1,1
Nancy CHABOTOVÁ,M5,F,1,1
Nancy REAGANOVÁ,M2,F,1,1
Jel ODS,?,M,1,1
Jen FIA,?,M,1,1
Jennifer MORGANOVÁ,M5,F,1,1
Jens STOLTENBERG,M5,M,1,1
Jens TIMMERMANS,M6,M,1,1
Jenže ŘSD,?,F,1,1
Jeremy CORBY,M6,M,1,1
Jeremy LEGGETT,M5,M,1,1
Odpuštění DPH,?,M,1,1
Jeans STOLTENBERG,M6,M,1,1
Jeff BEZOS,M5,M,1,1
Jeff LOPEZ,M2,M,1,1
Jeff MASON,M6,M,1,1
Jeho CNN,?,M,1,1
Jeho PIN,?,M,1,1
Jekatěrina JAKOVLEVOVÁ,M5,F,1,1
Nové OZE,?,M,1,1
Nyoman SURYADIPUTRA,M5,M,1,1
Námořní INSTITUT,?,M,1,1
Návrat USA,?,M,1,1
Názor EU,?,M,1,1
Německá SPD,?,M,1,1
Ochrany PŘÍRODY,?,M,1,1
Oda JOŠITAKA,M5,F,1,1
Nikos LOUTOS,M2,M,1,1
Ninis ROSQVISTOVÁ,M3,F,1,1
Nissan LEAF,?,M,1,1
Non KJU DUK,M1,M,1,1
Noor SHUHADAHOVÁ,M6,F,1,1
Nora MORALESESOVÁ,M2,F,1,1
Norbert LINN,M2,M,1,1
Nová ODS,?,M,1,1
Jaroslav VĚTROVSKÝ,M6,M,1,1
Jaroslav ŠLECHTA,M2,M,1,1
Jaroslav ŠONKA,M1,M,1,1
Jaroslava POKORNÁ JERMANOVÁ,M6,F,1,1
Jaroslava REZLEROVÁ,M5,F,1,1
Jasmin DUREGGEROVÁ,M5,F,1,1
Jason KENNEY,M6,M,1,1
Jason LYALL,M3,M,1,1
Olivier BECQUET,M6,M,1,1
Omran SHARAF,M5,M,1,1
On ESM,?,M,1,1
Jaroslav NAĎ,M6,M,1,1
Jaroslav PEJŠA,M6,M,1,1
Jaroslav PEKÁREK,?,M,1,1
Jaroslav ROŽNOVSKÝ,M3,M,1,1
Jaroslav SOVEK,M5,M,1,1
Oldřich ČÍŽEK,M5,M,1,1
Ole CARMEL,M5,F,1,1
Ole CARMEN,M5,F,1,1
Olga MENZELOVÁ,M5,F,1,1
Olga ŽAKOVOVÁ,M3,F,1,1
Oliver KRISCHER,M6,M,1,1
Oliver STEEDS,?,M,1,1
Olivia REDINGOVÁ,M2,F,1,1
Jeremy TORZ,M5,M,1,1
Jerry DOAN,M2,M,1,1
Jesse KATAJAMA,M2,M,1,1
Jessica BLUNDENOVÁ,M5,F,1,1
Jessica GIENOWOVÁ HECHTOVÁ,M3,F,1,1
Jevgenij BOGATYRJOV,M2,M,1,1
Jevgenij KRUMOV,M2,M,1,1
Ofir AKUNIS,M6,M,1,1
Ondřej ČAPEK,M3,M,1,1
Ondřej ŠIROKÝ,?,M,1,1
Organizace OSN,?,F,1,1
Oscar SORIA,M5,M,1,1
Ostravak ANO,?,M,1,1
Osvaldo STELA,?,M,1,1
Jana MACKOVÁ,M3,F,1,1
Jana MATESOVÁ,M3,F,1,1
Ondřej KONEČNÝ,M2,M,1,1
Ondřej MONDEK,M2,M,1,1
Ondřej MORAVČÍK,M1,M,1,1
Ondřej PRAŽÁK,M1,M,1,1
Ondřej SKULINA,M3,M,1,1
Ondřej VANK,M2,M,1,1
Ondřej VOSKA,M1,M,1,1
Ondřej ZDERADIČKA,M5,M,1,1
Jaroslav DEMČÁK,M6,M,1,1
Jaroslav DOLEŽAL,M5,M,1,1
Jaroslav DOLEŽEL,M5,M,1,1
Jaroslav ERLEC,M5,M,1,1
Jaroslav HORÁČEK,M2,M,1,1
Jaroslav IBEHEJ,M1,M,1,1
Jaroslav KOLAŘÍK,M5,M,1,1
Ondřej KLIMEŠ,M2,M,1,1
Jathart MURTEE,M2,M,1,1
Jay INSLEE,M6,M,1,1
Jay RICHARDS,M3,M,1,1
Jay ZIDMAN,M2,M,1,1
Jean MARC AYRAULT,M6,M,1,1
Jaromír KUBŮ,M5,M,1,1
Jaromír NYTRA,M2,M,1,1
Jaromíra VÍTKOVÁ,M6,F,1,1
Jan ČIŽÍNSKÝ,M6,M,1,1
Jan ŠAFÁŘ,M3,M,1,1
Jan ŠUMBERA,M5,M,1,1
Jan ŠVEJDAR,M6,M,1,1
Jana FEBEROVÁ,M6,F,1,1
Jana HOŘEJŠÍ,M2,F,1,1
Jana JELÍNKOVÁ,M2,F,1,1
Jana KALOUSOVÁ,M2,F,1,1
Paolo VIELMO,M2,M,1,1
Paolo VITALE,M2,M,1,1
Papež FRANTIŠEK,M6,M,1,1
Paraskevi KOYKIOVÁ,M2,F,1,1
Pasi SIHVONEN,M5,M,1,1
Pat LACEYOVÁ,M2,F,1,1
Patrick CAREY,M2,M,1,1
Patrik DOJČINOVIČ,M5,M,1,1
Jared POLIS,M6,M,1,1
Jari SALMINER,M3,M,1,1
Otakar TUČEK,M5,M,1,1
Otmar URBAN,M3,M,1,1
Otmar URBAN,M5,M,1,1
Pablo CHEVALIER,M5,M,1,1
Panaiotis SILIAIDIS,M2,M,1,1
Panos TSAKLOGLU,M3,M,1,1
Jana MYSLIVEČKOVÁ,M1,F,1,1
Jana TROJANOVÁ,M5,F,1,1
Jana TYRER,M5,F,1,1
Jana ZIELINSKI,M5,F,1,1
Jana ZÁHORKOVÁ,M5,F,1,1
Jana ČIKINOVÁ,M2,F,1,1
Janine WISSLEROVÁ,M6,F,1,1
Janko CIGANJJIK,M2,M,1,1
Jan PRETER,M3,M,1,1
Jan ROVENSKÝ,M6,M,1,1
Jan ROYT,M5,M,1,1
Jan ROZSÍVAL,M2,M,1,1
Jan RUML,M6,M,1,1
Jan RYBA,M5,M,1,1
Jan SCHEIDER,M5,M,1,1
Jan KRAJHANZL,M5,M,1,1
Pavel DUNGL,M5,M,1,1
Pavel FARSKÝ,M6,M,1,1
Pavel HERMAN,M6,M,1,1
Pavel II,?,M,1,1
Pavel JURUŠ,M3,M,1,1
Jan PETRÁNEK,M1,M,1,1
Jan PIŇOS,M3,M,1,1
Jan POLÁŠEK,M2,M,1,1
Paula PEDREROSOVÁ,M3,F,1,1
Pauline HANSONOVÁ,M6,F,1,1
Paulo ARTAKSO,M3,M,1,1
Paulo ARTAXO,M3,M,1,1
Pavel BOJANOVSKÝ,M2,M,1,1
Pavel BÉM,M6,M,1,1
Pavel CYRANI,M5,M,1,1
Pavel DUBSKÝ,M5,M,1,1
Jan SEHNAL,M5,M,1,1
Jan SKALICKÝ,M6,M,1,1
Jan SOBOTKA,M6,M,1,1
Jan VLAŠIC,M6,M,1,1
Jan VOPRAVIL,M5,M,1,1
Jan WOLF,M3,M,1,1
Paul GACHERU,M3,M,1,1
Paul NICKLEN,M3,M,1,1
Jamriang MUANPHOTHONGOVÁ,M2,F,1,1
Jan BAJKO,M3,M,1,1
Jan BARCHÁNEK,M5,M,1,1
Jan BARTOŠKA,M2,M,1,1
Jan BLATNÝ,M6,M,1,1
Jan BUREŠ,M3,M,1,1
Jan BUREŠ,M6,M,1,1
Jan DVOŘÁK,M1,M,1,1
Pavel MARTÁK,M5,M,1,1
Pavel MATEJOVIC,M3,M,1,1
Pavel MRÁZEK,M6,M,1,1
Pavel NAVRÁTIL,M1,M,1,1
Pavel NAVRÁTIL,M6,M,1,1
Pavel PAŘIL,M3,M,1,1
Jamie FARRELL,M3,M,1,1
Jamie WILLIAMSON,M5,M,1,1
Jan HUSÁK,M5,M,1,1
Jan HÝLA,M6,M,1,1
Jan KAJGR,M2,M,1,1
Jan KIMLA,M5,M,1,1
Jan KLEČKA,M5,M,1,1
Pavel JURÁK,M3,M,1,1
Pavel KONEČNÝ,M5,M,1,1
Pavel KOZLÍK,M6,M,1,1
Jan KRZYSZTOF,M6,M,1,1
Jan KRČMÁŘ,M6,M,1,1
Jan KYNCL,M5,M,1,1
Jan KYSELA,M3,M,1,1
Jan MACEK,M3,M,1,1
Jan NOVOTNÝ,M2,M,1,1
Jan FRIESER,M5,M,1,1
Jan HRUBEŠ,M1,M,1,1
Jacek WITTBRODT,M6,M,1,1
Jack GREENHALGH,M3,M,1,1
Jack KENNEDY SCHLOSSBERG,M2,M,1,1
Jacques FLAMAND,M3,M,1,1
Jagland THORBJORN,M6,M,1,1
Jagmeet SINGH,M6,M,1,1
Jaime LARA,M5,F,1,1
Jair BONSONARO,M6,M,1,1
Pavel ČMELÍK,M5,M,1,1
Pavel ČÍŽEK,M1,M,1,1
Pavel ŠERCL,M6,M,1,1
Pavel ŠINDELÁŘ,M2,M,1,1
Pavel ŠOLTYS,M6,M,1,1
Pavel ŠVAGR,M6,M,1,1
Ivo BŘEZINA,M5,M,1,1
Ivo OTÁHAL,M3,M,1,1
Jakub ŠVENDA,M5,M,1,1
James SERIGNA,M2,M,1,1
James SKEA,M6,M,1,1
Pavel PROCHÁZKA,M6,M,1,1
Pavel PŘÍLEPEK,M5,M,1,1
Pavel STOULIL,M3,M,1,1
Pavel SVOBODA,M5,M,1,1
Pavel ČACKÝ,M5,M,1,1
Jakub MÁSLO,M2,M,1,1
Jakub NOVÁK,M5,M,1,1
Jakub OTČENÁŠEK,M5,M,1,1
Jakub PATOČKA,M5,M,1,1
Jakub PFEIFER,M2,M,1,1
Jakub PŠENIČKA,M2,M,1,1
Jakub SEIDLER,M5,M,1,1
Jakub UNUCKA,M6,M,1,1
Igor JAKUBČÍK,M6,M,1,1
Ihor POLIŠČUK,M6,M,1,1
Imád SULEJMAN,M2,M,1,1
India BROWNOVÁ,M2,F,1,1
Inger ANDERSENOVÁ,M5,F,1,1
Ingo SASGEN,M3,M,1,1
Irena KUTMANOVÁ,M2,F,1,1
Irena PETRÁSKOVÁ,M5,F,1,1
Pavlína ŽILKOVÁ,M5,F,1,1
Pavlína ŽÁKOVÁ,M5,F,1,1
Pawel MIKUSEK,M1,M,1,1
Pedro SÁNCHEZ,M6,M,1,1
Peem PRASERTSUNTARASAIOVÁ,M2,F,1,1
Peníze EU,?,F,1,1
Peter BOSWORTH,M5,M,1,1
Ian REDMOND,M6,M,1,1
Ivana SEČKOVÁ,M2,F,1,1
Ivana ŠIRCOVÁ,M2,F,1,1
Iveta MARTINOVÁ,M2,F,1,1
Iveta TOUŠLOVÁ,M1,F,1,1
Pavla SEDLISKÁ,M1,F,1,1
Pavla SKŘIVÁNKOVÁ,M5,F,1,1
Pavla SVRČINOVÁ,M6,F,1,1
Pavlína SMUTNÁ,M3,F,1,1
Jak SPD,?,M,1,1
Jaksch FILEGENSCHNEE,M1,M,1,1
Jakub BERÁNEK,M5,M,1,1
Ivan BUREŠ,M5,M,1,1
Ivan DUQUE,M6,M,1,1
Ivan OBRUSNÍK,M5,M,1,1
Ivan OLŠAN,M5,M,1,1
Ivana KOHUTKOVÁ,M5,F,1,1
Henryk KOWALCZYK,M6,M,1,1
Herbert PAVERA,M6,M,1,1
Herbert SCHOTT,M5,M,1,1
Heslo ODS,?,M,1,1
Hilda ANDERSONOVÁ PYRZOVÁ,M2,F,1,1
Hnutí STAN,?,M,1,1
Hnutím ANO,?,M,1,1
Holding EPH,?,M,1,1
Petr BÍLEK,M5,M,1,1
Petr BŘEZINA,M5,M,1,1
Petr CNIK,M5,M,1,1
Petr DOLÍNEK,M6,M,1,1
Petr DOUBRAVSKÝ,M2,M,1,1
Petr DRESLER,M3,M,1,1
Henrik JOHANSSON,M5,M,1,1
Henrryk KOWALCZYK,M6,M,1,1
Iva SYNÁKOVÁ,M2,F,1,1
Peter GARTON,M2,M,1,1
Peter JAHR,M6,M,1,1
Peter KOLIBA,M6,M,1,1
Peter MCKENNA,M2,M,1,1
Peter STOTT,M3,M,1,1
Peter VÁCZI,M3,M,1,1
Peteri TAALAS,M6,M,1,1
Irit SAGIOVÁ,M5,F,1,1
Irodi KADAGIŠVILI,M6,M,1,1
Iryna VEREŠČUKOVÁ,M6,F,1,1
Isabelle ROUXOVÁ,M2,F,1,1
Ishmael OTAGA,M2,M,1,1
Ismail HADŽIOVÁ,M6,F,1,1
Ismail HUSSEIN,M2,M,1,1
Itai ELAD,M3,M,1,1
Hana ŠŤASTNÁ,M5,F,1,1
Hanka NACHTIGALOVÁ,M2,F,1,1
Harald WEBER,M5,M,1,1
Harry BREKELMANS,M6,M,1,1
Hartmut DUDDE,M6,M,1,1
Hasan HAŠEM,M2,M,1,1
Hasan MINHAJ,M2,M,1,1
Hasan ROUHÁNÍ,M6,M,1,1
Hal HARVEY,M5,M,1,1
Hamdija KANDIČ,M2,F,1,1
Hamilton MOURAO,M6,M,1,1
Hamáčka ČSSD,?,F,1,1
Hamíd KARZÁÍ,M6,M,1,1
Hana BRZOBOHATÁ,M5,F,1,1
Hana DVOŘÁKOVÁ,M2,F,1,1
Hana ŠIMKOVÁ,M5,F,1,1
Petr GANDALOVIČ,M6,M,1,1
Petr HAMPL,M5,M,1,1
Petr HLUBUČEK,M6,M,1,1
Petr HOLEČEK,M6,M,1,1
Petr HÁJEK,M5,M,1,1
Petr JURÁČEK,M5,M,1,1
Petr JÁNSKÝ,M5,M,1,1
Petr JÍLEK,M5,M,1,1
Hubert MINNIS,M6,M,1,1
Hugo VASQUEZ,M6,M,1,1
Hynek JORDÁN,M1,M,1,1
Hynek RULÍŠEK,M5,M,1,1
Hřiba PPP,?,F,1,1
Petr DVOŘÁK,M5,M,1,1
Petr ELZNER,M5,M,1,1
Petr GAJDUŠEK,M6,M,1,1
Petr KUŽEL,M6,M,1,1
Petr MARTÍNEK,M5,M,1,1
Petr MECNER,M1,M,1,1
Petr MINAŘÍK,M1,M,1,1
Freitas MOHALLEM,M5,M,1,1
Friederika OTTOVÁ,M3,F,1,1
Friederike OTTO,M5,F,1,1
Friedrich MERZ,M6,M,1,1
Grospiči KSČM,?,M,1,1
Guido STEFFEN,M1,M,1,1
Gyile NEWMANOVÁ,M2,F,1,1
Hagen KOHL,M2,M,1,1
Hakan SAMUELSSON,M5,M,1,1
Petr KULHÁNEK,M6,M,1,1
Petr KUNEŠ,M5,M,1,1
Petr KUPEC,M3,M,1,1
Glynys ROWATOVÁ,M5,F,1,1
Gordon SIMPSON,M2,M,1,1
Grant DAVIS,M6,M,1,1
Greenpeace DUHA,?,F,1,1
Greg BARKER,M6,M,1,1
Greg ROBINSON,M5,M,1,1
Greta THUNBERGOVÁ,M2,F,1,1
Grete STRAUMEOVÁ,M3,F,1,1
Hazim SEZER,M2,M,1,1
Hector CORDOVA,M5,M,1,1
Hedvika KLÍMOVÁ,M2,F,1,1
Helen BROWNINGOVÁ,M6,F,1,1
Gerardo CEBALLOS,M3,M,1,1
Giannis KANELLOPULOS,M2,M,1,1
Giles EPONE,M5,M,1,1
Giovani TAPANG,M2,M,1,1
Petr VÍCHA,M6,M,1,1
František BEZDĚK,M2,M,1,1
František EXNER,M5,M,1,1
František KOUDELA,M5,M,1,1
František KREJČÍ,M5,M,1,1
František MLÁDEK,M6,M,1,1
František PAVLÍK,M5,M,1,1
František POLÁK,M1,M,1,1
Petr NEUVIRT,M6,M,1,1
Petr NOVOTNÝ,M6,M,1,1
Petr OREL,M6,M,1,1
Petr SKOČDOPOLE,M5,M,1,1
Petr VALDMAN,M5,M,1,1
Petr VONDRÁK,M3,M,1,1
Petr VYBÍRAL,M5,M,1,1
Petr VYHLÍDAL,M2,M,1,1
Garth ROSS,M6,M,1,1
Gary DINHAM,M3,M,1,1
Gaston BROWNE,M6,M,1,1
Geir LUNDESTAD,M5,M,1,1
Geoffrey HEAL,M5,M,1,1
Geofrey HEAL,M3,M,1,1
George BUSH,M6,M,1,1
George EUSTICE,M6,M,1,1
Fritz REUSSWIG,M3,M,1,1
Furt AP,?,M,1,1
Gabriel DIAZ,M2,M,1,1
Gabriela HANKEOVÁ,M2,F,1,1
Gabriela SÁRIČKOVÁ,M1,F,1,1
Gantsetseg CHIMEDTSERENOVÁ,M5,F,1,1
Gao FENG,M5,M,1,1
Garnett HALL,M3,M,1,1
Petro POROŠENKO,M6,M,1,1
Petros VAMVAKUSIS,M5,M,1,1
Petteri TAALAS,M5,M,1,1
Petteri TAALS,M5,M,1,1
Petteri TOLVANEN,M5,M,1,1
Philipp ROESLER,M6,M,1,1
Phillipe VAILLER,M1,F,1,1
Phillippe LAMBERTS,M6,F,1,1
Petr ŽEBRÁK,M5,M,1,1
Petr ŽITNÍK,M2,M,1,1
Petra HÁJKOVÁ,M3,F,1,1
Petra ODEHNALOVÁ,M2,F,1,1
Petra RAJSNEROVÁ,M1,F,1,1
Petra RAJSNEROVÁ,M5,F,1,1
Petra WEINHOLDOVÁ,M2,F,1,1
Petra ŠPORNOVÁ,M1,F,1,1
Frauke PATRYOVÁ,M6,F,1,1
Frederik ŠPANER,M2,M,1,1
Fredrik SEJERSTED,M6,M,1,1
Petr VÍT,M6,M,1,1
Petr ČÍŽEK,M3,M,1,1
Petr ŘEZNÍČEK,M6,M,1,1
Petr ŘIHÁK,M5,M,1,1
Petr ŠTĚPÁNEK,M5,M,1,1
František SKÁLA,M2,M,1,1
František SOUKUP,M2,M,1,1
František TICHÝ,M5,M,1,1
František ZADINA,?,M,1,1
František ZAHÁLKA,M6,M,1,1
František ŽEMLIČKA,M5,M,1,1
Franz LEIBL,M5,M,1,1
Franziska KELLEROVÁ,M6,F,1,1
Filipa KSČM,?,F,1,1
Filipe KSČM,?,F,1,1
Filippo GRANDI,M6,M,1,1
Filippo REAN,M5,M,1,1
Firma NWR,?,F,1,1
France EMERJIANOVÁ,M2,F,1,1
Francisco ABEL,M2,M,1,1
Francisco CASTELLÓ,M5,M,1,1
Poslední CDU CSU,?,M,1,1
Pospíšila ANO ODS,M6,F,1,1
Považoval NDR,?,M,1,1
Fernando LÓPEZ COTÍN,M3,M,1,1
Fernando TERMIS,M2,M,1,1
Fetullah ARIK,M3,M,1,1
Fidelis OGURU,M2,M,1,1
Fiet HAYUOVÁ,M3,F,1,1
Podle USA,?,F,1,1
Podle ČSSD,?,F,1,1
Poháru EHF,?,M,1,1
Pokračujeme SPORTEM,?,F,1,1
Pokud PS,?,M,1,1
Pokud ČSSD,?,M,1,1
Polsko ČR,?,M,1,1
Poslankyně ODS,M6,M,1,1
Phudoma ŠERPAOVÁ,M2,F,1,1
Pierre DEFRAIGNE,M5,M,1,1
Pirátů ČSSD,?,M,1,1
Plus DPH,?,M,1,1
Plán EK,?,M,1,1
Podle CVVM,?,F,1,1
Podle ODS,?,F,1,1
Podle UNESCO,?,F,1,1
Přišel COVID,?,M,1,1
Rachel NOTLEYOVÁ,M6,F,1,1
Rada EU,?,F,1,1
Radan HUTH,M3,M,1,1
Eva RAJCHMANOVÁ,M6,F,1,1
Eva SYKOVÁ,M6,F,1,1
Eva TYLOVÁ,M6,F,1,1
Eva VOJTOVÁ,M2,F,1,1
Proč ODS,?,M,1,1
První GSM,?,M,1,1
Předal ČTÚ,?,M,1,1
Předpověď MMF,?,M,1,1
Předseda KDU ČSL,M6,F,1,1
Předseda ODS,M6,F,1,1
Přes EIA,?,M,1,1
Připomenu EU,?,M,1,1
Pro SŽDC,?,M,1,1
Pro ČEZ,?,M,1,1
Problémy OSN,?,M,1,1
Prognózy OSN,?,M,1,1
Program OSN,?,M,1,1
Program ČSSD,?,M,1,1
Projevme EU,?,F,1,1
Protocol CAP,?,M,1,1
Frank BRETTSCHNEIDER,M3,M,1,1
Frank THEL,M2,M,1,1
František BARÁK,M6,M,1,1
Počasí ČT,?,M,1,1
Pražská MHD,?,M,1,1
Prezident USA,?,M,1,1
Princ HARRY,M2,M,1,1
Priscilla ROBINSONOVÁ,M2,F,1,1
Emmanuela MACRON,M6,F,1,1
Emmanuelle DEFAAZOVÁ,M2,F,1,1
Energa SA,?,F,1,1
Ephrem WOLDEKIDAN,M5,M,1,1
Erdenee BATZORIG,M5,F,1,1
Eric BROTHERTON,M2,M,1,1
Eric TRUMP,M2,M,1,1
Erik BJERREGAARD,M6,M,1,1
Radek VODRÁŽKA,M3,M,1,1
Radek WIGLASZ,M1,M,1,1
Radek ČEKAL,M5,M,1,1
Radek ČERNÝ,M2,M,1,1
Radek ŠVÁB,M5,M,1,1
Radim BÁRTŮ,M1,M,1,1
Radim DRAGOUN,M6,M,1,1
Radim VÁCHA,M5,M,1,1
Fai PINKAEW,M2,M,1,1
Faki MAHAMAT,M6,M,1,1
Falci CDU,?,M,1,1
Federika MOGHERINIOVÁ,M6,F,1,1
Felipe BALISE,M6,F,1,1
Radek MUSÍLEK,M1,M,1,1
Radek SOUKUP,M3,M,1,1
Radek SOUKUP,M5,M,1,1
Eva ČAPKOVÁ,M2,F,1,1
Evan QUARTERMAIN,M2,M,1,1
Evelin HERNANDEZOVÁ,M2,F,1,1
Evropa ČTK,?,F,1,1
Experti OSN,M3,M,1,1
Fabio ANTONACCI,M3,M,1,1
Fabián BLAŽEK,M2,M,1,1
Fahri TUNC,M5,M,1,1
Ram PATEL,M2,M,1,1
Randip GREWAL,M5,M,1,1
Randy HOLT,M2,M,1,1
Ray MICHALKO,M2,M,1,1
Raúl CASTRO,M6,M,1,1
Edgar GILLESSEN,M5,M,1,1
Edmund KING,M6,M,1,1
Edson CARVALHO,M2,M,1,1
Radomil BALOUN,M2,M,1,1
Radomil DOLEŽAL,M5,M,1,1
Radomír PÁNEK,M6,M,1,1
Rady EU,?,M,1,1
Radě EU,?,M,1,1
Rajaji MATHU,M2,M,1,1
Ralf TOUMI,M3,M,1,1
Ralph REGENVANU,M6,M,1,1
Eva BOGOEVSKÁ,M2,F,1,1
Eva KNAJBLOVÁ,M1,F,1,1
Eva KUKALOVÁ,M2,F,1,1
Eva MAŘÍKOVÁ,M1,F,1,1
Eva MIKULECKÁ,M1,F,1,1
Eva NAVRÁTILOVÁ,M5,F,1,1
Eva PERNICOVÁ,M3,F,1,1
Radko HOKOVSKÝ,M6,M,1,1
Erik BOLANOS,M2,M,1,1
Erik SOLHEIM,M5,M,1,1
Erik TABERY,M1,M,1,1
Eriksen SOREIDOVÁ,M6,F,1,1
Ernest CONANT,M5,M,1,1
Ernie ADDEZI,M5,F,1,1
Esef JASAREVIČ,M2,M,1,1
Esther KITHUKAOVÁ,M2,F,1,1
Richard STADLER,M2,M,1,1
Richard SULÍK,M6,M,1,1
Richard ZÁRUBA,M5,M,1,1
Rick SCOTT,M6,M,1,1
Rick WELTS,M6,M,1,1
Roald AMUDNSEN,M3,M,1,1
Roald AMUNDSEN,M3,M,1,1
Robert BANDA,M2,M,1,1
Reakce EU,?,F,1,1
Reinhold MESSNER,M2,M,1,1
Renata MATOUŠKOVÁ,M2,F,1,1
Renate FUMICOVÁ,M2,F,1,1
Richard BEXTER,M2,M,1,1
Richard BORTIS,M2,M,1,1
Richard COHEN,M6,M,1,1
Richard MAŠEK,M2,M,1,1
Eliška SÁČKOVÁ,M5,F,1,1
Ellis HUNT,M6,M,1,1
Elmar BROK,M5,M,1,1
Elon MUSK,M5,M,1,1
Emilia DE KAVALIJERIHO,?,F,1,1
Emma RUBY SACHSOVÁ,M5,F,1,1
Rašíd DŽAKAIL,M2,M,1,1
Rcihard SELLEY,M3,M,1,1
Eduard CIGÁN,M2,M,1,1
Eduard PALÍŠEK,M5,M,1,1
Edward FELSENTHAL,M5,M,1,1
Ejasu KATHELO,M2,M,1,1
Elena MANAENKOVOVÁ,M5,F,1,1
Elijah GICHURU,M3,M,1,1
Elisabetta SPITZOVÁ,M6,F,1,1
Eliška BROUČKOVÁ,M3,F,1,1
Donald POLS,M5,M,1,1
Donna GUILLAMOTOVÁ,M2,F,1,1
Dopolední SPORT,?,M,1,1
Dorjsuren ADIYA,M2,M,1,1
Dorjusen ADIYA,M5,M,1,1
Dorothee SAAROVÁ,M5,F,1,1
Doug MILLER,M5,M,1,1
Douglas BROOME,M5,M,1,1
Role USA,?,F,1,1
Rolf DENSING,M5,M,1,1
Roman BLAŽÍČEK,M5,M,1,1
Doland TRUMP,M6,M,1,1
Dolu ČSM,?,M,1,1
Dominic GRIEVE,M6,M,1,1
Dominik FEŠTR,M5,M,1,1
Donald GRAHAM,M5,M,1,1
Robert VAUTARD,M3,M,1,1
Roberta BRUNELLOVÁ,M2,F,1,1
Roberto COSTABAL,M2,M,1,1
Rodrigo ACONDA,M2,M,1,1
Rodrigo ROCHAS,?,M,1,1
Roger COX,M5,M,1,1
Roger SORKIN,M1,M,1,1
Rogerio BONIFACIO,M3,M,1,1
Robert CAMPOVERDE,M6,M,1,1
Robert FICO,M6,M,1,1
Robert HABECK,M6,M,1,1
Robert KALIŇÁK,M6,M,1,1
Robert KIČINA,M1,M,1,1
Robert MINAŘÍK,M3,M,1,1
Robert MUGABE,M6,M,1,1
Robert REDFORD,M2,M,1,1
Rudolf KOVAŘÍK,M1,M,1,1
Rudolf KOVAŘÍK,M3,M,1,1
Ruml OK,?,M,1,1
Rune SVENNING,M2,F,1,1
Rusko OSN,?,M,1,1
Rusové IT,?,M,1,1
Russell WILLIAMS,M5,M,1,1
Ryan MOWAT,M3,M,1,1
Rosana VILLAROVÁ,M1,F,1,1
Rose SEABROOKOVÁ,M2,F,1,1
Rosilene VIRGINIA,M2,F,1,1
Rosilene VIRGINIOVÁ,M2,F,1,1
Ross HAWKINS,M1,M,1,1
Rozpočet EU,?,M,1,1
Ruben MEDINA,M3,M,1,1
Rudecindo VEGA,M5,M,1,1
Roman OSIČKA,M5,M,1,1
Roman RUEGG,M1,M,1,1
Roman SKLENÁK,M6,M,1,1
Roman SPURNÝ,M2,M,1,1
Roman TROUP,M2,M,1,1
Ronald POFALLA,M6,M,1,1
Ronny JUMEAU,M6,M,1,1
Rony HOARE,M2,M,1,1
Duško MARKOVIČ,M6,M,1,1
Dárcovskými DMS,?,M,1,1
Díky LNG,?,M,1,1
Džavád ZARÍF,M6,M,1,1
Džemal MUSSA,M2,M,1,1
Roman DYMÁČEK,M5,M,1,1
Roman FILIPI,M2,M,1,1
Roman KRATOCHVÍL,M1,M,1,1
Devin NUNES,M6,M,1,1
Diane BAXTEROVÁ,M2,F,1,1
Dick DURBIN,M6,M,1,1
Dimitrij JEFIMOV,M2,M,1,1
Dimitris AVRAMOPULOS,M6,M,1,1
Dirk JANSEN,M5,M,1,1
Dita CÍROVÁ,M1,F,1,1
Divavesi WAQA,M6,M,1,1
Samuel WILKIE,M2,M,1,1
Sandor TORO,M5,M,1,1
Sandra APANASIONEKOVÁ,M1,F,1,1
Sandra KRAJCOVÁ,M2,F,1,1
Sandra STONEOVÁ,M5,F,1,1
Denisa HEJLOVÁ,M5,F,1,1
Denisa ZBĚHLÍKOVÁ,M2,F,1,1
Deon TERBLANCHE,M5,M,1,1
Sally ROSEROVÁ,M2,F,1,1
Salome MATANGI,M2,F,1,1
Sam MAXEY,M2,M,1,1
Sam MAXEY,M3,M,1,1
Sam RYAN,M5,M,1,1
Samotná CDU,?,M,1,1
Samotné ČSSD,?,M,1,1
Samuel SAINTOT,M2,M,1,1
Rádžendra PAČAURI,M6,F,1,1
Rášid AL MAKTÚM,M6,M,1,1
Sadiq KHAN,M6,M,1,1
Sajed NOMAN,M2,M,1,1
Sakshi GADUROVÁ,M2,F,1,1
Saleemul HUQ,M6,M,1,1
Sales MURPHY,M5,M,1,1
Salik HARD,M6,M,1,1
Seree SUPHARATID,M5,F,1,1
Sergej ABANIN,M6,M,1,1
Sergej RJABKOV,M5,M,1,1
Sergi GIRONA,M5,M,1,1
Sergi VENTURA,M3,M,1,1
Sergio FILONI,M2,M,1,1
Serpil TASCIOGLUOVÁ,M5,F,1,1
Sharon BURKEOVÁ,M5,F,1,1
Scott LONG,M5,M,1,1
Scott TARDE,M5,M,1,1
Sdružení SOVAK,M5,M,1,1
Sea IS,?,F,1,1
Sebastián PINERA,M6,M,1,1
Sekretariát OSN,?,M,1,1
Senátoři STAN,?,M,1,1
Sepp RIESER,M2,M,1,1
Dny NATO,?,M,1,1
Do NHL,?,M,1,1
Do UNESCA,?,M,1,1
Sarah AL AMIRIOVÁ,M6,F,1,1
Sarah BIRKBYOVÁ,M2,F,1,1
Saskia WEISSOVÁ,M2,F,1,1
Saúl LUCIANO LLIUYA,M2,M,1,1
Schan SU ŤIJ,M6,M,1,1
Divák DAYD,?,M,1,1
Divák KH,M2,M,1,1
Divák SK,?,M,1,1
Diváka ANTI,?,F,1,1
Diváka SK,?,F,1,1
Diváky ČT,?,M,1,1
Dmitri AGEJEV,M5,M,1,1
Dmitrij MICHAJLOV,M2,M,1,1
David TAKÁČ,M1,M,1,1
David VOTAVA,M5,M,1,1
David ŠTORCH,M3,M,1,1
Davide PANNIZA,M5,F,1,1
Dawn VICKERSOVÁ,M2,F,1,1
Dawood AHMADZAL,M2,M,1,1
Debbie SCOTTOVÁ,M5,F,1,1
Debby MCCOYOVÁ,M2,F,1,1
Skupina PGE,M5,F,1,1
David MUHIGAY,M5,M,1,1
David ONDRÁČKA,M5,M,1,1
David ROSSI,M3,M,1,1
David ROWAT,M6,M,1,1
David SASSOLI,M6,M,1,1
David SCHULHOFF,M2,M,1,1
David SNIDER,M2,M,1,1
Sileši BEKELE,M6,M,1,1
Silvie HURTOVÁ,M2,F,1,1
Simon KINOTI,M3,M,1,1
Simon KOFE,M6,M,1,1
Simona BABČÁKOVÁ,M2,F,1,1
Simona PIZZIOVÁ,M2,F,1,1
Skotka OK,?,F,1,1
Skotská BBC,?,M,1,1
Shaun WEST,M6,M,1,1
Shinzo ABE,M6,M,1,1
Sian MACLEOD,M6,M,1,1
Sian MACLEODOVÁ,M6,F,1,1
Sibiu EU,?,M,1,1
Sie ČEN CHUA,M6,F,1,1
Siegfried BERG,M2,M,1,1
Sigurdur ERLINGSSON,M5,M,1,1
Společnost ČEZ,?,M,1,1
Správa OSN,?,F,1,1
Srebrenka GOLIČOVÁ,M6,F,1,1
Stanislav HAVLÍČEK,M6,M,1,1
Stanislav IŠTVÁNEK,M2,M,1,1
Stanislav JURÁNEK,M6,M,1,1
Daniel POŠTA,M2,M,1,1
Daniel SKÁLA,M2,M,1,1
Snahou OSN,?,M,1,1
Snahu OSN,?,M,1,1
Sonya PEMBERTON,M2,F,1,1
Sophia BACKSENOVÁ,M5,F,1,1
Soudce US,?,F,1,1
Spojence NATO,?,F,1,1
Spojenci NATO,?,M,1,1
Společnost OKD,?,M,1,1
David MALINKOVIČ,M5,M,1,1
David MAREK,M5,M,1,1
David MAŠÍN,M3,M,1,1
David MICHALČÁK,M2,M,1,1
Skupiny ČEZ,?,M,1,1
Skupiny ČEZ,M6,M,1,1
Sledování ČT,?,M,1,1
Slovensko ČR,?,M,1,1
Deborah MASHIBINIOVÁ PRIOROVÁ,M2,F,1,1
Denis GARBUTT,M2,M,1,1
Darryl NEWBOOUGH,M5,M,1,1
Dav OK,?,M,1,1
Dave BOOKSA,M2,F,1,1
Dave THOUP,M6,F,1,1
David BERNSTEIN,M5,M,1,1
David COLLENETTE,M6,M,1,1
Stientje VAN VELDHOVENOVÁ,M6,F,1,1
Stream II,?,M,1,1
Dalibor TITĚRA,M5,M,1,1
Dalibor ŠAFAŘÍK,M5,M,1,1
Dalila JAKUPOVIČOVÁ,M2,F,1,1
Dan BROWN,M5,M,1,1
Dan BÁRTA,M2,M,1,1
Dana ČÍRTKOVÁ,M1,F,1,1
Stephen NORMAN,M5,M,1,1
Steve BRAY,M2,M,1,1
Steve EVA,M6,M,1,1
Steve GREEM,M5,M,1,1
Steve HARRISON,M2,M,1,1
Steve SCHERER,M5,M,1,1
Steven MARSHALL,M6,M,1,1
Stientje VAN VEIDHOVENOVÁ,M6,F,1,1
Starostka PECKOVÁ,M6,F,1,1
Stefania FIOREOVÁ,M2,F,1,1
Stefano BOERI,M5,M,1,1
Stefano VIO,M2,M,1,1
Steffen SEIBERT,M1,M,1,1
Stella PAPADIMITRIOSOVÁ,M5,F,1,1
Stella SCHALLEROVÁ,M3,F,1,1
Stephen HARPER,M6,M,1,1
Daniel SOUKUP,M5,M,1,1
Daniel VÍTEK,M1,M,1,1
Daniel ZEMANOVÁ,M6,F,1,1
Daniel ŘIČICA,M2,M,1,1
Daniela HEBERTOVÁ,M1,F,1,1
Daniela KAUDERSOVÁ,M2,F,1,1
Danielle REDMONDOVÁ,M3,F,1,1
Danny DANON,M6,M,1,1
Clint WILLSON,M5,M,1,1
Clive GRAY,M5,F,1,1
Colin BUTFIELD,M1,M,1,1
Colin ROBERTSON,M6,M,1,1
Coneyová BARRETTOVÁ,M6,F,1,1
Connie EISSINGEROVÁ,M6,F,1,1
Corinne LE QUÉRÉOVÁ,M5,F,1,1
Což ČT,?,M,1,1
Tahsin GUNDOGDU,M2,M,1,1
Tak IPCC,?,M,1,1
Tak KSČM,?,M,1,1
Tak SPD,?,M,1,1
Tak ČSSD,?,M,1,1
Takže ANO,?,F,1,1
Tam NKÚ,?,M,1,1
Tanaka OV,?,F,1,1
Susan HARTYOVÁ,M2,F,1,1
Svante THUNBERG,M2,F,1,1
Svatopluk NĚMEČEK,M6,M,1,1
Sven DEUBLER,M6,M,1,1
Svět CNN,?,M,1,1
Swati GARUDOVÁ,M2,F,1,1
Sylva MAŠÍNOVÁ,M6,F,1,1
Ta OKD,?,F,1,1
Daniel BAREŠ,M3,M,1,1
Daniel BERLANT,M5,M,1,1
Daniel CALATAYUD,M5,M,1,1
Daniel MAURICIO,M2,M,1,1
Stuart MUNIRAGHUA,M5,M,1,1
Stutox II,?,M,1,1
Summer FIELDS,M2,M,1,1
Summit NATO,?,M,1,1
Thanh THUY,M2,M,1,1
Christian TORRES,M2,M,1,1
Christiana FIGUERESOVÁ,M6,F,1,1
Christina RODRIGUEZOVÁ,M2,F,1,1
Christina SEGALOVÁ KNOWLESOVÁ,M5,F,1,1
Christine LAGARDOVÁ,M5,F,1,1
Christopher BENTLY,M5,M,1,1
Christopher DOBSON,M3,M,1,1
Temelín ČEZ,?,M,1,1
Ten ASEK,?,M,1,1
Teplicím FCSB,?,M,1,1
Tereza CHMELAŘOVÁ,M2,F,1,1
Tereza KOBELKOVÁ,M3,F,1,1
Tereza RADVÁKOVÁ,M1,F,1,1
Tereza VAČKAŘOVÁ,M2,F,1,1
Tereza ŠEDIVÁ,M1,F,1,1
Dagmar ŽITNÍKOVÁ,M6,F,1,1
Dale STURROCK,M2,F,1,1
Dalibor BLAŽEK,M5,M,1,1
Taťána FISCHEROVÁ,M5,F,1,1
Tchang KUO ČCHAING,M6,M,1,1
Te VELTHUIS,M2,F,1,1
Ted MAKSYM,M3,M,1,1
Tehdy OSN,?,M,1,1
Craig SPENCER,M2,M,1,1
Ctirad MIKEŠ,M6,M,1,1
Cyril FERRAND,M5,M,1,1
Cyril SVOBODA,M5,M,1,1
Cyril TAOLO,M5,M,1,1
Czech ADAPT,?,M,1,1
Cíle ČEZ,?,F,1,1
Da MOSTOVÁ,M5,F,1,1
Chartou OSN,?,M,1,1
Chloe KOCHELLOVÁ,M2,F,1,1
Chris CHRISTIE,M6,M,1,1
Chris MARCHI,M5,M,1,1
Chris MARCHL,M5,M,1,1
Chris MURPHY,M6,M,1,1
Chris STARK,M3,M,1,1
Chris STARK,M6,M,1,1
Todd FRERICHS,M2,M,1,1
Tom PHILIPP,M5,M,1,1
Tom STEVENSON,M5,M,1,1
Tom STEYER,M2,M,1,1
Tomasz KIIEWSKI,M3,M,1,1
Tomasz LAMIK,M6,M,1,1
Tommaso CACCIARI,M5,M,1,1
Charlotte ALTEROVÁ,M1,F,1,1
Tia NELSONOVÁ,M2,F,1,1
Timur ZAMILOV,M2,M,1,1
Tinatin CHIDAŠELIOVÁ,M6,F,1,1
Tino CHRUPALLA,M6,M,1,1
Tino PFAFF,M1,M,1,1
Titaniku II,?,M,1,1
To DPH,?,M,1,1
To NATO,?,M,1,1
Christos STYLIANIDES,M6,M,1,1
Chua CHUN JING,M1,F,1,1
Churchill EFENGA,M2,M,1,1
Clara GOLDSMITHOVÁ,?,F,1,1
Clare NULLIS,M1,F,1,1
Clarkson BBC,?,M,1,1
Claude THEULOT,M2,M,1,1
Thomas SCH FER,M6,M,1,1
Carlos VARGAS,M6,M,1,1
Carola RACKETEOVÁ,M2,F,1,1
Carolina ADLEROVÁ,M5,F,1,1
Carolina SCHMIDTOVÁ,M6,F,1,1
Caroline KENNEDYOVÁ,M2,F,1,1
Carolína ADLEROVÁ,M5,F,1,1
Cate FAEHRMANNOVÁ,M6,F,1,1
Catherine MCKENNAOVÁ,M6,F,1,1
Břeněk MICHÁLEK,M3,M,1,1
Caitlyn JENNEROVÁ,M6,F,1,1
Camilla BORNOVÁ,M3,F,1,1
Carl SAYER,M3,M,1,1
Carle NULLISOVÁ,M1,F,1,1
Carlen PHILIPP,M5,M,1,1
Carlos MANUEL RODRIGUEZ,M6,M,1,1
Carlos PAIVA,M2,M,1,1
Tomáš KNOFLÍČEK,M5,M,1,1
Tomáš KOTERA,M5,M,1,1
Tomáš KOUTECKÝ,M5,M,1,1
Tomáš MADER,M5,M,1,1
Bude ODS,?,F,1,1
Bulka PIN,?,F,1,1
Buren ČIČIG,M5,M,1,1
Byambasuren TOITOG,M5,M,1,1
Chris STINGER,M3,M,1,1
Chris STRINGER,M3,M,1,1
Christian CASAROTTO,M3,M,1,1
Christian NUBBEMEYER,M1,M,1,1
Tomáš DRÁPELA,M5,M,1,1
Tomáš HÁJEK,M3,M,1,1
Tomáš KAZDA,M5,M,1,1
Tomáš KLUS,M2,M,1,1
Boris JOHSON,M6,M,1,1
Boris TEUNIS,M3,M,1,1
Boris VORMAN,M3,M,1,1
Boris ŠŤASTNÝ,M6,M,1,1
Borut PAHOR,M6,M,1,1
Božena PEŠTOVÁ,M2,F,1,1
Božena PĚSTOVÁ,M2,F,1,1
Brabec JE,?,M,1,1
Tomáš VRŠKA,M5,M,1,1
Tomáš VYHNÁLEK,M5,M,1,1
Tomáš VYHNÁNEK,M3,M,1,1
Tomáš VĚTROVSKÝ,M3,M,1,1
Tomáš WEIGNER,M5,M,1,1
Tomáš ZAAL,M1,M,1,1
Boobu TIORAM,M2,M,1,1
Boris HEZZMANN,M2,M,1,1
Challanger CNN,?,M,1,1
Tomáš PELIKÁN,M5,M,1,1
Tomáš PORTLÍK,M6,M,1,1
Tomáš SLACH,M3,M,1,1
Tomáš SLAVKOVSKÝ,M5,M,1,1
Tomáš TELENSKÝ,M5,M,1,1
Tomáš TŘETINA,M6,M,1,1
Tomáš VRBICKÝ,M5,M,1,1
Catherine MCKENNOVÁ,M6,F,1,1
Cathy GLAABOVÁ,M2,F,1,1
Celine TARDYOVÁ,M3,F,1,1
Centru ICRC,?,M,1,1
Cezary PONIATOWSKI,M2,M,1,1
Cezary PRZYBYLSKI,M6,M,1,1
Chad WITTE,M5,M,1,1
Chaj JEN CHU,M2,M,1,1
Třetí KSČM,?,M,1,1
Ukrajině AAA,?,M,1,1
Ulrike SCHARFOVÁ,M6,F,1,1
University NASA,?,M,1,1
Uwe JORDEN,M5,F,1,1
Blanka SVOBODOVÁ,M2,F,1,1
Bloomberg NEF,?,M,1,1
Bo FRANK,M6,M,1,1
Trump KLDR,?,M,1,1
Trynes KAYUNIOVÁ,M2,F,1,1
Turbulence ČT,?,F,1,1
Tužinská SYNKOVÁ,M6,F,1,1
Tyler EDWARDS,M2,M,1,1
Tím ÚS,?,M,1,1
Třeba EIA,?,F,1,1
Třeba ODS SPD,?,F,1,1
Brooklynu AIDS,?,M,1,1
Broumov OKD,?,M,1,1
Bruce SPALDING,M5,M,1,1
Tomáš ZAVŘEL,M5,M,1,1
Tony APPLETON,M2,M,1,1
Toya STILESOVÁ,M5,F,1,1
Tristan VANCLEEF,M2,M,1,1
Trudy PAAPOVÁ,M3,F,1,1
Brad SMITH,M5,M,1,1
Bre MACPHERSOONOVÁ RICEOVÁ,M5,F,1,1
Brenda STEPHENSOVÁ,M2,F,1,1
Brenda WANDEROVÁ,M5,F,1,1
Britské HDP,?,M,1,1
Británii AKO,?,M,1,1
Brně ICRC,?,M,1,1
Bronislav ŠAMŠULA,M6,M,1,1
Veronika FLEISSIGOVÁ,M5,F,1,1
Veronika FUXOVÁ,M6,F,1,1
Veronika JONÁŠOVÁ,M1,F,1,1
Bendle OSN,?,F,1,1
Benj SYKES,M5,M,1,1
Benjamin NETANJAHU,M6,M,1,1
Bernard BIGOT,M5,M,1,1
Bernard INGHAM,M1,M,1,1
Valérie JULLIANDOVÁ,M5,F,1,1
Van JONES,M5,M,1,1
Vasilij ROGATYCH,M2,M,1,1
Vaso DIMITRAKOPOLUOVÁ,M2,F,1,1
Vaso VLACHOUOVÁ,M2,F,1,1
Vedení EU,M6,M,1,1
Vedení KDU ČSL,M6,M,1,1
Vedení ODS,M6,M,1,1
Uwe NEUMANN,M1,F,1,1
Uwe SCHNITZLER,M2,F,1,1
Vagelis GAVALAS,M5,M,1,1
Valentin KIRILOV,M2,M,1,1
Valentyn JERMOLENKO,M1,M,1,1
Valerie MASSON DELMOTTEOVÁ,M3,F,1,1
Valerij LUKIN,M3,M,1,1
Valerio ROJAS,M2,M,1,1
Bob KOPP,M1,M,1,1
Bob KOPP,M5,M,1,1
Bob SMITH,M3,M,1,1
Bohdan LOJKA,M2,M,1,1
Bohumil DOHNAL,M2,M,1,1
Bohumil KARTOUS,M1,M,1,1
Bohumil SOBOTKA,M6,M,1,1
Bohumír DUFEK,M6,M,1,1
Virus HIV,?,M,1,1
Vladimir KARA MURZA,?,M,1,1
Vladimir MAKAROV,M6,M,1,1
Vladimir PASEČNIK,M6,M,1,1
Vladimir ŽIRINOVSKIJ,M6,M,1,1
Barbora KOUKALOVÁ,M1,F,1,1
Barbora KVASNIČKOVÁ,M2,F,1,1
Barbora LIŠKOVÁ,M1,F,1,1
Veronika PAROULKOVÁ,M1,F,1,1
Veronika VLČKOVÁ,M3,F,1,1
Victor MANJARREZ,M2,M,1,1
Viktor ORBÁN,M6,M,1,1
Viktor PLACHÝ,M3,M,1,1
Viktor PORTEL,M5,M,1,1
Vincent MAUROLT,M5,M,1,1
Violeta TOMIČKOVÁ,M6,F,1,1
Bill GATES,M6,M,1,1
Bill SHORTEN,M6,M,1,1
Bill WALKER,M6,M,1,1
Bin SALMAN,M6,M,1,1
Birgit SIPPELOVÁ,M6,F,1,1
Bitney CRONE,M2,M,1,1
Veronika KORCHOVÁ,M6,F,1,1
Veronika KREJČÍ,M1,F,1,1
Bernhard MAIER,M6,M,1,1
Bernhard MATTES,M6,M,1,1
Bez CEITEC,?,M,1,1
Bhagwat SINGHOVÁ,M2,F,1,1
Bhušan RAO,M2,M,1,1
Bigdan KLICH,M6,M,1,1
Bil WALKER,M6,M,1,1
Bill DE BLASIO,M6,M,1,1
Arnold KING,M5,M,1,1
Arsenij JACEŇUK,M6,M,1,1
Ashley WHITNEY,M2,M,1,1
Audi BMW,?,M,1,1
Augustin BERMEJO,M3,M,1,1
Aurelie TROUVAOVÁ,M1,F,1,1
Avi BARANES,M5,M,1,1
Ayumi FUKAKUSAOVÁ,M5,F,1,1
Vladimír SLÁDEK,M3,M,1,1
Vladimír SMRŽ,M5,M,1,1
Vladimír VALENTA,M6,M,1,1
Vladimír WAGNER,M3,M,1,1
Vladimír ZDRAŽIL,M3,M,1,1
Appeaning ADDO,M5,M,1,1
Aqqalu FOSING ASVID,M3,M,1,1
Armina LASCHET,M6,F,1,1
Vladimír BARBIN,M6,M,1,1
Vladimír BESKID,M5,M,1,1
Vladimír BESKYD,M5,M,1,1
Vladimír KEBLŮŠEK,M1,M,1,1
Vladimír KOBLÍŽEK,M3,M,1,1
Vladimír KREMLÍK,M6,M,1,1
Vladimír KROC,M1,M,1,1
Vladimír LETOCHA,M3,M,1,1
Barbora SPÁČILOVÁ,M2,F,1,1
Barbora SVÓBODOVÁ,M5,F,1,1
Barbora TELFEROVÁ,M1,F,1,1
Barbora TROJAK,M1,F,1,1
Barbora URBANOVÁ,M5,F,1,1
Bartoška KDU ČSL,M6,F,1,1
Beata SZYDLOVÁ,M6,F,1,1
Belachew KASSA,M5,M,1,1
Annapaola LAVENOVÁ,M2,F,1,1
Ano ALDE,?,M,1,1
Ano NATO,?,M,1,1
Anote TONG,M6,F,1,1
Anthony BARNOVSKY,M3,M,1,1
Anthony BLINKEN,M6,M,1,1
Anthony COATES,M5,M,1,1
Antonio GUTTERES,M6,M,1,1
Vlastislav MÁLEK,M6,M,1,1
Vláda ODS,?,F,1,1
Vojen SMÍŠEK,M1,M,1,1
Vojtěch DVOŘÁČEK,M2,M,1,1
Vojtěch DYNYBYL,M2,M,1,1
Vojtěch KÁNĚ,M2,M,1,1
Anna WEEKESOVÁ,M2,F,1,1
Anna ŠARATŠICHOVÁ,M2,F,1,1
Vladimíra NOVÁKOVÁ,M1,F,1,1
Vladislav SOBOL,M1,M,1,1
Vladyslava BANK,M5,F,1,1
Vlasta LOCHMANOVÁ,M6,F,1,1
Vlasta MOKRÁ,M6,F,1,1
Vlasta PALLOVÁ,M1,F,1,1
Vlasta VIZINOVÁ,M2,F,1,1
Vlastimil ROŽNOVSKÝ,M6,M,1,1
Ač API,?,M,1,1
Ašghar MEHRZADA,M5,M,1,1
Babiš ČSSD,?,M,1,1
Babiše ODS,?,F,1,1
Barbara MIKULSKIOVÁ,M6,F,1,1
Barbora BARCALOVÁ,M5,F,1,1
Vladimír ŠPIDLA,M5,M,1,1
Vladimíra JUNKOVÁ,M1,F,1,1
Anna CHUDOBOVÁ,M1,F,1,1
Anna GIACOMETTIOVÁ,M6,F,1,1
Anna JEVSTRATOVOVÁ,M5,F,1,1
Anna KÁRNÍKOVÁ,M5,F,1,1
Anna LOZSI,M1,F,1,1
Anna MITILINEOUOVÁ,M2,F,1,1
Anna MITUŠOVÁ,M5,F,1,1
Anna STRYKOVÁ,M2,F,1,1
Václav SOJKA,M2,M,1,1
Václav STANĚK,M5,M,1,1
Angela MARKELOVÁ,M6,F,1,1
Angelo BORRELLI,M5,M,1,1
Anglie HDP,?,F,1,1
Ani JAR,?,M,1,1
Ani ODS,?,M,1,1
Ann CARLSONOVÁ,M5,F,1,1
Vsetína ORP,?,F,1,1
Václav BERAN,M3,M,1,1
Václav HLAVÁČ,M5,M,1,1
Václav HOMOLKA,M6,M,1,1
Václav HURT,M5,M,1,1
Václav JOHN,M5,M,1,1
Václav KURKA,M5,M,1,1
Václav LENGOVIČ,M2,M,1,1
Antonio VELLECA,M3,M,1,1
Antonis SAMARAS,M6,M,1,1
Antonín BLÁHA,M1,M,1,1
Antonín OSIČKA,M5,M,1,1
Antonín RUS,M6,M,1,1
Antonín STANĚK,M6,M,1,1
Antonín TŮMA,M3,M,1,1
Volker TREIER,M5,M,1,1
Andrej PERSIJANOV,M6,M,1,1
Andrej ŠMELKOV,M5,M,1,1
Andrejs JANSONS,M2,M,1,1
Andrew CUOMO,M6,M,1,1
Andrew FEUSTEL,M3,M,1,1
Andrew SHEPHERD,M5,M,1,1
Andrew WEAVER,M3,M,1,1
Andrew WEISS,M5,M,1,1
Anders ELFVING,M5,M,1,1
Anders LEVERMANN,M3,M,1,1
Andrea BASSERNE,M2,M,1,1
Andreas BAUDERE,M3,M,1,1
Andreas FRIEDRICH,M3,M,1,1
Andreas GAJDOŠÍK,M2,M,1,1
Andrej KISKA,M6,M,1,1
Andrej MATUŠKIN,M5,M,1,1
Walter MARTOS,M6,M,1,1
Wan AZÁZAHOVÁ,M6,F,1,1
Wang JEN WEL,M2,M,1,1
Amr BASSIOUNY,M5,M,1,1
Anahi CORDEROVÁ,M5,F,1,1
Anastasia LEVASEVIČOVÁ,M3,F,1,1
Anastasija RADYCHOVSKAJA,M5,F,1,1
Anatolij SUČKOV,M6,M,1,1
Václav VOTAVA,M6,M,1,1
Václav ČUBR,?,M,1,1
Václav ŠILHA,M2,M,1,1
Václava ADÁMKOVÁ,M3,F,1,1
Vítězslav KOLEK,M3,M,1,1
Věra HOFMANOVÁ,M1,F,1,1
Věslav MICHALIK,M5,M,1,1
Wade SIKORSKI,M5,M,1,1
Ali SUBAH,?,M,1,1
Alice WEIDELOVÁ,M6,F,1,1
Alicia ILAGA,M6,F,1,1
Alistair DARLING,M6,M,1,1
Allen SHARP,M2,M,1,1
Allison MACFARLANOVÁ,M3,F,1,1
Alois KRČMÁRIK,M2,M,1,1
Alok SCHARAM,M6,M,1,1
Yanai POSTELNIK,M5,M,1,1
Yascha MOUNK,M3,F,1,1
Yasuo TAKAMATSU,M2,M,1,1
Aleš FLÍDR,M6,M,1,1
Aleš MIKLÍK,M1,M,1,1
Alfonso VALENCIA,M3,M,1,1
Alfréd PLAŠIL,M6,M,1,1
Ali GUFU,M2,M,1,1
Will WHITESMITH,M2,M,1,1
William HANSON,M5,M,1,1
William VOGT,M2,M,1,1
Wolfgand SCH UBLE,M6,M,1,1
Wubbo OCKELS,M3,M,1,1
Xavier VANBILLEMONT,M2,M,1,1
Xaví MATILLA,M5,M,1,1
Xiye BASTIDAOVÁ,M5,F,1,1
Wang WEN PIN,M1,M,1,1
Warren MELINE,M2,M,1,1
Washingtonu DC,?,M,1,1
Washingtonu USA,?,M,1,1
Wasim AŠKAR,M2,M,1,1
Wej JUNG WEN,M5,M,1,1
Weronika PASZEWSKÁ,M6,F,1,1
Will RUST,M2,M,1,1
Alex ALLEY,M2,M,1,1
Alex BOROWICZ,M3,M,1,1
Alex DESSARD,M2,M,1,1
Alex MOTUKO,M5,M,1,1
Alexandar VUČIČ,M6,M,1,1
Alexander AGAFONOV,M5,M,1,1
Alexander GAMOV,M1,M,1,1
Alexander GAULAND,M6,M,1,1
Zdenka POLACHOVÁ,M2,F,1,1
Zdeněk BENEŠ,M5,M,1,1
Zdeněk DUBSKÝ,M2,M,1,1
Zdeněk FINK,M6,M,1,1
Zdeněk HOLEČEK,M2,M,1,1
Zdeněk HOVĚŽÁK,M6,M,1,1
Zdeněk NEKUDA,?,M,1,1
Alessandro VITELLI,M5,M,1,1
Zahide SENTERZI,M5,F,1,1
Zastupuje OSN,M6,F,1,1
Zavedení EET,?,M,1,1
Zavádění EET,?,M,1,1
Zbyněk KLOSE,M6,M,1,1
Zbyněk MIKULICA,M2,M,1,1
Zbyněk PAVLAČÍK,M5,M,1,1
Zbyněk STRAŇÁK,M5,M,1,1
Alphonse OWUOR,M5,F,1,1
Alvin SMITH,M2,M,1,1
Aman ADINEW,M5,M,1,1
Amarjit SANGH,M2,M,1,1
Amber PARKEROVÁ,M3,F,1,1
Americká NASA,?,M,1,1
Amir WEIZMAN,M1,M,1,1
Zac TUDOR,M5,M,1,1
Čang KAO LI,M6,M,1,1
Čang KCHAJ PO,M2,M,1,1
Čang PCHING,M6,M,1,1
Čang ČCHIEN,M5,M,1,1
Čao LI ŤIEN,M1,M,1,1
Čchen MING ČCH,M5,M,1,1
Žaneta HUDOKOVÁ,M2,F,1,1
Štefan OLEJÁR,M2,M,1,1
Zástupci USA,?,M,1,1
Zástupci ČSSD ANO,M6,M,1,1
Ádám KÓSA,M6,M,1,1
Órfhlaith BEGLEYOVÁ,M6,F,1,1
Úspěch CNN,?,M,1,1
Úřad OSN,?,M,1,1
Čang CHAJ PIN,M2,M,1,1
Čang JUNG,M5,M,1,1
Alena DOSTÁLOVÁ,M3,F,1,1
Alena HOLUBOVÁ,M5,F,1,1
Alena SEIBERTOVÁ,M2,F,1,1
Alena STOLÁŘOVÁ,M3,F,1,1
Alena ŠTEFLOVÁ,M5,F,1,1
Zuzana PASTRŇÁKOVÁ,M1,F,1,1
Zástupce EK,?,F,1,1
Zástupci KDU ČSL,?,M,1,1
Alan SVOBODA,M5,M,1,1
Alastair FORTHERGILL,M5,M,1,1
Albert LEMASULANI,M5,M,1,1
Alberto TESSERIN,M2,M,1,1
Alejandro GIAMMATTEI,M6,M,1,1
Alejandro GUAMMATTEL,M6,M,1,1
Alejandro NEYRA,?,M,1,1
Aleksandar MLADIČ,M2,M,1,1
Marek KVETAN,M2,M,1,1
Magali HUARACHIOVÁ,M2,F,1,1
Magda GONZALESOVÁ,M5,F,1,1
Magda VAŠÁRYOVÁ,M6,F,1,1
Magdaléna CHYTRÁ,M5,F,1,1
Magdaléna ŠULCOVÁ,M1,F,1,1
Mahadou MBODJI,M6,M,1,1
Maira KELLERSOVÁ,M2,F,1,1
Marco VIANELLO,M2,M,1,1
Marcos PASTOR,M5,M,1,1
Marcus FONTENOT,M2,M,1,1
Marcus LUTES,M5,M,1,1
Marek BOHÁČ,M2,M,1,1
Marek HOVORKA,M5,M,1,1
Marek JANCÁK,M5,M,1,1
Marek KOUTNÝ,M5,M,1,1
Marcela ONDŘEJOVÁ,M1,F,1,1
Marcelo PARINTINTIN,M5,M,1,1
Marcin KOROLEC,M6,M,1,1
Marcin PRZYDACZ,M5,M,1,1
Marcio ASTRINI,M5,M,1,1
Marco GIACHETTI,M5,M,1,1
Marco LAMBERTINI,M5,M,1,1
Marco TEDESCO,?,M,1,1
Štáb BBC,?,M,1,1
Šárka JELÍNKOVÁ,M6,F,1,1
Šárka SLEZÁKOVÁ,M1,F,1,1
Šéf OSN,M6,M,1,1
Šéf ČS,?,M,1,1
Šéf ČSSD,M6,M,1,1
Marcel KOALAJA,M6,M,1,1
Marcela KALUŽÍKOVÁ,?,F,1,1
