name,role_raw,n_mentions,n_docs
Drahoslav RYBA,generální ředitel,126,2
Josef VOJÁČEK,generální ředitel,110,6
Jaroslav MÍL,vládní zmocněnec pro jadernou energetiku,100,5
Robert FULGHUM,americký spisovatel,72,1
Radek MÁTL,generální ředitel,70,2
Angela MERKELOVÁ,německá kancléřka,69,58
Václav BARTUŠKA,zvláštní zmocněnec pro energetickou bezpečnost,66,1
Jane GOODALLOVÁ,britská primatoložka,62,2
António GUTERRES,generální tajemník,61,56
Daniel SZÓRÁD,generální ředitel,44,7
Daniel BENEŠ,generální ředitel předseda představenstva,42,1
Daniel BENEŠ,generální ředitel,42,4
Milan KŘÍSTEK,generální ředitel,38,1
Petr HORKÝ,cestovatel režisér,37,1
Adolf ŠLÁR,praktikuje očistné kúry učitel z,36,1
Vilma PARTYKOVÁ,propaguje hladovku a léčbu urinoterapií,35,1
Heřman ČADIL,kouč zdravého životního stylu,34,1
Petr KUBALA,generální ředitel,32,2
Kateřina CAJTHAMLOVÁ,internistka psychoterapeutka odbornice na výživu,27,1
Miloš MENDEL,arabista islamolog,27,1
Michaela VALACHOVÁ,hydrometeoroložka,27,1
David ČERMÁK,generální ředitel,26,1
Martin PAVEL,zpracovatel studie kanálu,23,1
Martin TOPINKA,astrofyzik,21,1
Ladislav MACHALA,infekcionista infekční klinika,20,1
Hynek BLAŠKO,generálmajor ve výslužbě,20,1
Pavel PUNČOCHÁŘ,sekce vodního hospodářství,19,2
Pan KI MUN,generální tajemník,19,17
Lumír NĚMEC,bývalý velitel speciálního oddělení,19,1
Traian URBAN,hispanista,18,2
Václav BĚLOHRADSKÝ,filosof a sociolog,18,1
Ivanna ILLYENKO,emeritní sólistka baletu,17,1
Jaroslav ŠTEFEC,exředitel,17,1
Martin KLOZ,konzultant v oblasti energetiky,17,1
Pavel PODRUH,laureát ceny,17,1
Martin LEIŠ,spolumajitel penzionu na,17,1
Ondřej HEJMA,amerikanista publicista hudebník,16,1
Barbara WINTONOVÁ,dcera,16,1
Petr ŠÍPEK,entomolog katedra zoologie,16,2
Milan KNÍŽÁK,výtvarník bývalý ředitel,15,1
Lubomír HAŠLÍK,operující lékař,15,1
Vladimír BAAR,politický a kulturní geograf,14,1
Tomáš HAAS,politický konzultant bývalý poradce,14,1
Pavel KRČ,oddělení složitých systémů,14,1
Pavel KALENDA,seismolog a klimaskeptik,14,1
Petra JELÍNKOVÁ,předkladatelka aktivistka hnutí,14,1
Petr PITHART,expremiér bývalý předseda,13,1
Vladimír VLČEK,generální ředitel,13,1
Tomáš HRNČÍŘ,motoristický novinář,13,1
Zbyněk HRKAL,hydrogeolog,13,1
Karel MATĚJKA,botanik a ekolog vědecká platforma,12,2
Vítězslav KREMLÍK,překladatel klimaskeptik z,12,1
Daniel PITEK,soukromý sedlák a lesník,12,1
Martina JURIGOVÁ,zdravotní sestra,12,1
Martin MARGOLD,geomorfolog,12,2
Lesy ČR,živě,12,1
Dana FEMINOVÁ,organizace,11,1
Tomáš HAAS,politický konzultant publicista,11,1
Ota MACHÁČEK,výčepní restaurace,11,1
Václav BARTUŠKA,zvláštní zmocněnec pro otázky energetické,11,1
Richard FRANC,velitel jednotky,11,1
Michal ŠNOBR,energetický analytik,11,1
Pavel PAFKO,emeritní přednosta,11,1
Tomáš NAHODIL,advokát,11,1
Karel SCHWARZENBERG,čestný předseda strany,10,1
Pavel PUNČOCHÁŘ,vrchní ředitel sekce vodního hospodářství,10,1
Marek BABISZ,místostarosta obce,10,1
Dušan MULÍČEK,dramaturg,10,1
Antonio GUTERRES,generální tajemník,10,8
Jakub LUDVÍK,umělecký fotograf fotí modelky do,10,1
Věra JOUROVÁ,eurokomisařka,10,6
Michal LUKEŠ,generální ředitel,10,1
Filip KOUBEK,spolupracovník,10,2
Martin SAITZ,generální ředitel,10,2
Aleš FARDA,oddělení klimatického modelování,10,1
Pavel PEŠEK,učitel z,10,1
Marcela VLADAŘOVÁ,k anorexii ji přivedl zdravý,9,1
Zdeněk KOVÁŘÍK,nový místostarosta,9,1
Ondřej JONÁŠ,investiční bankéř,9,2
Slavomír GOGA,chargé d affaires v,9,1
Greta THUNBERGOVÁ,švédska ekologická aktivistka,9,9
Benjamin SCHIFRES,obchodní analytik vedoucí české bobočky,9,1
Barbora CHATTOVÁ,algoložka,9,1
Tereza AUBRECHTOVÁ,doktorandka,9,2
Tomáš NEŘOLD,pověřen vedením samostatného oddělení,9,1
Karel DRBAL,hydrogeolog,9,1
Libor JANEČKA,pěstitel brambor,9,2
Karel KOVÁŘ,alias,9,1
Linda NEDBALOVÁ,hydrobioložka,9,2
Petr ŠTĚPÁNEK,exstarosta a zastupitel,9,1
Martin BARRY,architekt ředitel festivalu reSITE,9,1
Kristina LARISCHOVÁ,generální konzulka,9,1
Kyriakos MITSOTAKIS,řecký premiér,9,7
Alexandra BERNARDOVÁ,botanička,9,3
Miloš VONDRUŠKA,pražský včelař,9,1
Martin KUBA,jihočeský hejtman a předseda,9,1
Pavel PUNČOCHÁŘ,sekce vodního hospodářství ministerstvo zemědělství,8,1
Petr LEYER,právník,8,1
Hnutí DUHA,jejich výzvu podepsalo,8,1
Miroslava NERADOVÁ,organizátorka petice proti zákazu kouření,8,1
Kateřina FERENČÍKOVÁ,spolupracovnice,8,1
Františka ČÍŽKOVÁ,módní kritička,8,1
Bronislav BECHNÍK,redakce obnovitelných energií,8,1
Petr MÁRA,youtuber,8,1
Jan KRAJHANZL,sociální a environmentální psycholog,8,1
Donald TRUMP,republikánský kandidát na prezidenta,8,8
Nemeškalová ROSINOVÁ,právnička,8,2
Petr ŠÍPEK,entomolog,8,1
Josef SOUKUP,agroekolog fakulta agrobiologie,8,1
Bjorn LOMBORG,dánský statistik,8,1
Ivan HLADÍK,pracuje se seniory,8,1
Andrej BABIŠ,český premiér,8,5
Michal PAVLÁSEK,dobrovolník etnolog,7,1
Jan VEVERA,přednosta,7,1
Jan CZUDEK,generální ředitel,7,4
Katrín JAKOBSDÓTTIROVÁ,islandská premiérka,7,5
Petr HAVEL,zemědělský analytik,7,1
Jiří SLOVÁČEK,hraboši poškozený zemědělec ze,7,1
Kateřina OSIČKOVÁ,týmová lídryně dobrovolníci organizace,7,1
Joan CLOS,generální tajemník,7,1
Jan RŮŽIČKA,mikrobiolog,7,1
Josef HÁJEK,odborný asistent,7,1
Martin SALAJKA,letecký publicista,7,1
Zdeněk ŽALUD,pedagog a vědec,7,1
Zdeněk KALVACH,geriatr předseda správní rady,7,1
Pavel PUNČOCHÁŘ,vrchní rada sekce vodního hospodářství,7,1
Karolína FARSKÁ,organizátorka iniciativy,7,1
Lukáš KAUCKÝ,český velvyslanec v,7,1
Yngvar BRENNA,spolupracovník,7,1
David ČERNÝ,etik filozof,7,1
Tomáš POSPÍŠIL,pověřený řízením podniku,7,2
Vědunka LUNARDI,spolupracovnice,7,1
Bronislav KVASNIČKA,generální ředitel výzkumná agentura,7,1
Brna ODS,živě,7,1
Mauricio MACRI,argentinský prezident,7,7
Stanislav LHOTA,zoolog,7,1
Petr HRADECKÝ,vulkanolog geolog,7,1
Donald TRUMP,zvolený prezident,7,4
Kovy KOVÁŘ,youtuber,7,1
Václav BAŽANT,dendrolog katedra ekologie lesa,7,1
Joko WIDODO,indonéský prezident,7,3
Jan TRNKA,lékař biochemik,7,1
Pavel KINDLMANN,populační ekolog,6,1
Petr MIŇOVSKÝ,podplukovník ve výslužbě,6,1
Carl SAFINA,mořský biolog,6,2
Filip REMUNDA,dramaturg,6,1
Milan ŠAFÁŘ,sportovní psycholog,6,1
Jarmila RÁŽOVÁ,hlavní hygienička,6,1
Lukáš KREJČÍ,horolezec a horský průvodce,6,1
David SVOBODA,ukrajinista,6,1
Wolfgang ISCHINGER,organizátor konference,6,3
Petr KAMBERSKÝ,šéfkomentátor,6,1
Karel MATĚJKA,botanik ekolog,6,1
Šárka CIMALOVÁ,botanička,6,2
Greta THUNBERGOVÁ,enviromentální aktivistka,6,4
Tim JARVIS,badatel,6,3
Charlie VERON,mořský biolog,6,1
Arif TURHAN,potápěč,6,3
Tomáš HALÍK,teolog filozof držitel,6,1
Josef ŠTULC,památkář,6,1
Petra JELÍNKOVÁ,překladatelka aktivistka hnutí,6,1
Petteri TAALAS,generální tajemník,6,6
Radim POLČÁK,prorektor pro rozvoj legislativu a,6,1
Conie HADEGAARDOVÁ,eurokomisařka pro klima,6,1
Matyáš CHOCHOLA,vizuální umělec,5,2
Joe BIDEN,nově zvolený prezident,5,4
Tomáš PFEILER,portfolio manažer,5,1
Tomáš POSPÍŠIL,pověřený řízením,5,1
Josef VOJÁČEK,nový generální ředitel,5,1
Judita PETRŽELKOVÁ,primatoložka,5,1
Thomas KULIDAKIS,spolupracovník,5,2
Joe BIDEN,demokratický kandidát na prezidenta,5,4
Michal HORSÁK,zoolog,5,1
Greta THUNBERGOVÁ,klimatická aktivistka,5,5
Jaroslav DOLEŽAL,rostlinný genetik,5,2
Ivan ŠTAMPACH,religionista,5,1
Elena KOHÚTIKOVÁ,bývalá viceguvernérka,5,1
Daniel KOLSKÝ,kavárník,5,1
Tomáš LETOCHA,ovocnář,5,3
Emrah ARIEL,rybář,5,3
Radka DENEMARKOVÁ,spisovatelka a překladatelka,5,1
Alois MÍKA,energetický expert,5,1
Zdeněk KUKAL,oceánolog,5,1
Vít HAVELKA,výzkumný pracovník,5,1
Volodymyr ZELENSKYJ,ukrajinský prezident,5,4
Konference OSN,o změnách klimatu,5,5
Ivo POKORNÝ,ovocnář,5,2
Miloš VYSTRČIL,senátní výbor pro územní rozvoj,5,1
Mitt ROMNEY,republikánský kandidát na prezidenta,5,3
Jens STOLTENBERG,generální tajemník,5,5
Bernie SANDERS,demokratický kandidát na prezidenta,5,5
Danuše VYMĚTALOVÁ,spolumajitelka biofarmy,5,1
Martin MYKISKA,cestovatel a spisovatel,4,1
Václav BAŽANT,dendrolog,4,1
Luca PARMITANO,italský astronaut,4,2
Jiří DAVID,vizuální umělec iniciátor protestu,4,2
David HOLLAND,oceánolog a vědec,4,1
Daniel POUAKOUYOU,oblastní poradce program životního prostředí,4,2
Karel KLEM,ekofyziolog,4,1
Bikram SHERESTHA,zoolog,4,1
Martin MOŽNÝ,agrometeorolog klimatolog,4,1
Konference OSN,o klimatu,4,4
Der LEYENOVÁ,budoucí předsedkyně,4,2
Adam SUCHÝ,klinický psycholog,4,2
Ivan BARTOŠ,krajinný ekolog,4,2
Wu CHAO,generální ředitel,4,2
Věra JOUROVÁ,eurokomisařka pro spravedlnost,4,1
Václav ŠVAMBERK,včelař,4,1
Ondřej KLIMEŠ,synolog,4,1
Jan MUSIL,místopředstavenstva,4,1
Olga CIESLAROVÁ,organizátorka akce iniciativa,4,2
Dudley WIGDAHL,kurátor,4,2
Victorien ERUSSARD,kapitán lodi,4,1
Barbora VESELÁ,rostlinná fyzioložka,4,1
Jan PALAŠČÁK,podnikatel,4,1
Alicja KNASTOVÁ,generální ředitelka,4,2
André BORSCHBERG,pilot letounu,4,2
Lumír DOBROVOLNÝ,lesník,4,2
Irena CHLEBOUNOVÁ,středoškolská profesorka,4,2
Jaroslav STAIMACHER,technik,4,1
Jaroslav STALMACHER,technik,4,1
Naděžda JOHANISOVÁ,environmentalistka,4,1
Paul THOMAS,autor studie výzkumník,4,2
Josef JAŘAB,amerikanista literární vědec,4,1
John KERRY,zmocněnec,4,4
Jakub FINGER,zahradní architekt,4,2
Petr DOUBRAVSKÝ,organizátor protestu,4,2
David ATTENBOROUGH,dokumentarista,4,2
Steve BACHMAN,botanik,4,2
Stephen COOK,entomolog,4,4
Jiří PONDĚLÍČEK,amerikanista,4,2
Summit OSN,svolal generální tajemník organizace,4,4
Jiří NOHEL,lesní správce,4,1
Jude WALKER,jedenáctiletý aktivista,4,2
Michael BLOOMBERG,zvolený starosta,4,1
Stanislav ŠIMÍČEK,místostarosta,4,2
Bertrand PICCARD,pilot,3,3
Jakub LEPŠ,amerikanista,3,1
Ondřej KOBZA,kavárník,3,1
Kateřina JANOUCH,spisovatelka,3,1
Michal VELIČKA,marketingový manažer,3,2
Jodi SAUNDERSOVÁ,operátorka rypadla,3,1
Joe MANCHIN,demokratický senátor,3,3
Josef BULKA,hlavní dispečer zimní údržby,3,1
Clint BRADLEY,hasič,3,3
Daniel SZÓRÁD,bývalý generální ředitel,3,3
Simon MAY,hasič,3,3
Vladimir BARBIN,zvláštní zmocněnec ruského ministerstva zahraničí,3,3
Barbora PAFČO,parazitoložka,3,1
Jan BARTOŠ,rostlinný genetik,3,1
Ulrike CRESPOVÁ,turistka z,3,3
Stanislav KOZLÍK,vinař předseda,3,1
Christophe DELACHAT,horský průvodce,3,3
Tomáš ŘÍHA,organizátor protestu,3,3
Rainer EPPELMANN,bývalý disident,3,1
Janine JONESOVÁ,účastnice oslav inaugurace,3,3
Jakub KULHÁNEK,český ministr zahraničí,3,1
Nicole LUDWIG,spolupracovnice,3,1
Nikol PAŠINJAN,arménský premiér,3,3
Nick GRAHAM,mořský ekolog,3,1
Dominika POSPÍŠILOVÁ,tiskové oddělení ministerstva životního prostředí,3,1
Martin HANEL,proděkan,3,3
Zuzana ŽÁČKOVÁ,pečovatelka,3,1
Ondřej HORKÝ HLUCHÁŇ,výzkumný pracovník,3,1
Olaf SCHOLZ,německý kancléř,3,2
Jan HURT,generální ředitel,3,1
Ismail YILDIZ,hoteliér,3,3
Šárka SIMALOVÁ,botanička,3,1
Zdeněk VACEK,autor výzkumu klíšťat,3,1
Alexandr SOKOLOV,badatel,3,1
Jair BOLSONARO,brazilský prezident,3,3
Jaime RICHARDSOVÁ,strážkyně,3,3
Petr STRNADEL,uživatel uhelného kotle,3,1
Vít HAVELKA,výkonný pracovník,3,1
Pavlína MIKULKOVÁ,odborná pracovnice institut,3,1
Oldřich MIKULICA,fotograf a ornitolog,3,1
Miroslav HORÁK,malovinař,3,1
Vladimír KRATOCHVÍL,agronom,3,2
Jair BOSLONARO,nový brazilský prezident,3,1
Stacey MULLEROVÁ,operátorka rypadla,3,1
Kevin BALES,právník,3,1
David GARDÁŠ,sinolog spolupracovník projektu,3,1
Bent JAKOBSEN,horník,3,1
Anna ZÁDRAPOVÁ,sinoložka,3,1
Lenka LAUS,delegátka,3,1
Anja FJALLGRENOVÁ,chovatelka sobů a expertka na,3,1
Aziz MEKOUAR,hlavní vyjednavač klimatické konference,3,3
Jim SKEA,spolupředseda pracovní skupiny,3,3
Filip WATTEEUW,místostarosta,3,1
Petr MODLITBA,malíř a ilustrátor,3,1
Fallon HOVERSONOVÁ,operátorka techniky,3,1
Federica MOGHERINIOVÁ,šéfka evropské diplomacie,3,3
Filip HARTVICH,geomorfolog,3,1
Klaus SCHWAB,organizátor,3,3
Paní HOLÁ,divačka z publika,3,1
Jerzy DEMSKI,odborový předák,3,2
Josef PULÍČEK,spolumajitel,3,1
Josef PÁNEK,spisovatel,3,2
Tomáš DAVID,generální ředitel,3,1
George DOWDLE,pěstitel ústřic,3,1
Petr KRATOCHVÍL,pražský,3,1
Claude TURMES,lucemburský ministr životního prostředí,3,3
Summit OSN,o klimatu,3,3
Michael WEHINGTON,doktorand,3,1
Michal BUREŠ,vinař,3,1
Tomáš KOLÁŘ,dendrochronolog,3,1
Miloš JAHODA,kapitán lodě,3,3
David RATH,nepravomocně odsouzený,3,1
Aram RADOMSKI,disident,3,1
Deana KOLENČÍKOVÁ,umělkyně,3,1
Konference OSN,o klimatických změnách,3,3
Martin VEČEŘA,hlavní autor studie,3,1
Jiří GRODA,zastupující ředitel lesního a vodního,3,1
Programu OSN,pro životní prostředí,3,2
Laura DILLEYOVÁ,bezpečnostní technička,3,1
Angela MERKELOVÁ,nemecká kancelárka,3,3
Odsuren BUUVEIBAATAR,nezisková organizace,2,1
Edward KING,geofyzik,2,1
Raylene BROWNOVÁ,kuchařka,2,1
Jan SOUKUP,obchodník,2,1
Radek ORT,provozní,2,1
Jan VOPRAVIL,půdoznalec,2,1
Radovan SRBA,obchodní ředitel,2,1
Radovan KVAPIL,stavbyvedoucí,2,1
Radoslav NĚMEC,botanik,2,1
Jan SVOBODA,lesník,2,1
Thon THAMRONGNAWASAWAT,mořský biolog,2,2
Olaf SCHOLZ,kancléřský kandidát,2,1
John MCCAIN,republikánský senátor,2,2
Michal ANDELEK,projektový manažer,2,2
Tereza PROKOPOVÁ,parazitoložka,2,1
Chuck SCHUMER,demokratický senátor,2,2
Christina KOCHOVÁ,americká astronautka,2,2
Michal JARRAUD,generální tajemník,2,2
Josef LÉTAL,obec,2,1
Michal VAŇÁČ,tiskový mluvčí,2,1
Michel BARNIER,vyjednavač,2,2
John ENTSMINGER,generální manažer vodohospodářského úřadu,2,2
Joe BIDEN,zvolený americký prezident,2,2
Joe BIDEN,zvolený prezident,2,2
Olga ŠKOPKOVÁ,alergoložka,2,1
Donald TUSK,končící předseda,2,1
Joe WILLIAMS,průvodce brightonské akvárium,2,1
Miloš URBAN,spisovatel,2,1
Jim CLARK,horozelec,2,2
Princ CHARLES,nástupce britského trůnu,2,1
Philippe WAECHTER,vrchní ekonom,2,2
Jan POHL,technik,2,1
Petr ZAJÍC,portfolio manažer,2,1
Pradipta BARUAH,správce parku,2,2
Jindřich MACHALA,kronikář,2,1
David ČERNÝ,výtvarník zdroj,2,1
Fabien MOREAU,vinař,2,1
Ema OSTŘÍŽKOVÁ,spoluorganizátorka akce,2,2
Podle OSN,už před válkou uprchlo do,2,1
Milan CAIS,výtvarník a hudebník,2,1
Petra RAJSNEROVÁ,pracovnice,2,2
Oliver STEEDS,výzkumný ústav,2,1
Zuzana ŠEBELÍKOVÁ,hlavní vychovatelka,2,1
Ústavní SOUD,rozhodnutí,2,1
Lukáš RYCHTECKÝ,kastelán zámku,2,1
Členové KDU ČSL,na sjezdu zvolí své nové,2,2
Šéf OSN,je ovšem i nadále velmi,2,2
Zdeněk VACEK,designér šperků,2,1
Marcel RAYNAUD,chovatel závodních býků,2,1
Jan SAUDEK,fotograf,2,1
Aleš VAVŘINA,rybníkářství,2,1
Ochirtogtoh TSEDENORGIH,pastevec,2,2
Eva JENÍKOVÁ,krajinářský architekt,2,1
Petr ŠLEGR,dopravní konzultant,2,1
Dale MCLEAN,hasič,2,2
Saša ŠTŘELCOVÁ,iniciativa,2,1
Petr MARADA,vinař,2,1
Dana VÉBROVÁ,lesnice,2,1
Patrick MALONEY,demokratický kongresman rodinný přítel,2,2
Ferdinand DUDENH FFER,automobilový expert,2,2
Franziska WESSELOVÁ,organizátorka protestů,2,1
Fred SPOOR,paleontolog,2,2
Patrick MALONEY,demokratický kongresman přítel,2,2
Gaelle DAHERON,vinařství,2,2
Galerie PLATO,osidluje nové prostory postupně,2,2
Petr HRADECKÝ,trenér,2,2
González IŇÁRRITU,režisér,2,2
Mnatsi MARAU,nový vyznavač veganství,2,2
Jan BUKOVSKÝ,tiskový mluvčí,2,2
Dalia GRYBAUSKAITÉOVÁ,litevská prezidentka,2,2
Steve CARMEL,účastník demonstrace,2,2
Steve HUGS,pracovník genové banky australských pastvin,2,1
Siračaj ARUNRUGSTIČAJ,mořský biolog,2,2
Sophie BACKSENOVÁ,stěžovatelka,2,2
Stefano VIANELLO,restaurátor,2,1
Soňa VALUCHOVÁ,odborná pracovnice institut,2,1
Jiří HUML,provozní ředitel,2,1
Milan DVOŘÁK,rusista,2,1
Milan GRYNDLER,mykolog,2,2
Daniel BENEŠ,generální ředitel a předseda představenstva,2,2
Jerry BROWN,kalifornský guvernér,2,2
Jan BLAHŮT,geomorfolog,2,1
Michaela BABIŠOVÁ,účastnice stávky,2,2
Michaela MLÝNKOVÁ,učitelka,2,1
Clive PALMER,stavitel,2,1
Tim LANG,spoluautor studie,2,2
Tomáš NEČAS,kurátor kolekce meruněk,2,1
Tomáš PFEILEF,portfolio manažer,2,1
Chris COCKEL,manažel sběru semen,2,1
Tomáš CZERNIN,nově zvolený,2,1
Josef SEJÁK,enviromentální ekonom člen,2,1
Josef PROCHÁZKA,podnikatel zemědělský hospodář,2,1
Michal DOŠEK,oddělení výzkumu a vývoje,2,1
Michal JAKOUBEK,pěstitel,2,1
Michaela SCH NOVÁ,turistka,2,1
Daisy JEFFREYOVÁ,demonstrantka,2,2
Michael KARISCH,turista z,2,2
Michael NEČAS,statik,2,2
Michael PROVENCHER,evakuovaný z,2,1
Ting JIN CHUA,pastýřka,2,2
Christian KERN,rakouský kancléř,2,2
Jan FOUSEK,obchodní ředitel,2,1
Jose HIDALDO,ochránce přírody,2,1
Jiří MÍKA,organizátor petice,2,1
Dany KOLSKÝ,kavárník a obchodník s kávou,2,2
Milan POLEDNÍK,demograf,2,1
Serkan COSKUN,rybář,2,2
Dave ZANIVONI,kapitán hasičské jednotky v okrese,2,2
David HACKENBERG,včelař místopředseda včelař,2,1
Joquín ROA,paraguayský ministr pro národní bezpečnost,2,2
Tomáš DANĚK,environmentalista,2,2
Karel BŘEZINA,dispečer,2,1
Ivo PAVLÍK,proděkan,2,1
Ladislav TŘEŠTÍK,myslivec,2,1
Bořek SVOBODA,vinař,2,1
Mauricio MACRI,argeninský prezident,2,1
Kamil PARUCH,hlavní řešitel projektu,2,1
Šéf OSN,o dopadu pandemie,2,2
Petr KORHON,obchodník,2,1
Marek LAHODA,doktorský student fyzické geografie,2,1
Melinda GATESOVÁ,manželka,2,2
Tomáš RENDLA,správce stopy,2,1
Kullawit LIMČULARAT,mořský biolog,2,2
Ko BARRETOVÁ,spolupředsedkyně,2,2
Tomáš MYSLÍKOVJAN,lesník,2,1
Jacinda ARDERNOVÁ,novozélandská premiérka,2,2
Vladimír JANATA,autor projektu statik,2,2
Linda DOSTÁLKOVÁ,kurátorka,2,2
Kromě USA,dohodu odmítají už jenom,2,2
Arias CANETE,eurokomisař pro energetiku a ochranu,2,2
Arnold SCHWARZENEGGER,bývalý kalifornský guvernér,2,2
Audun SALTE,chovatel psů,2,1
Vojtěch SALAJKA,vinař,2,1
Peter KEREKES,režisér,2,1
Henry STRASEN,velitel zásahu,2,1
Vojtěch ADAM,tehdejší i současný jihomoravský lídr,2,2
Payal PAREKHOVÁ,demonstrantka,2,2
Tomáš MED,architekt,2,1
Petr BIRKLEN,environmentální expert,2,1
Petr BROŽ,planetolog,2,1
Petr BUŽA,vinař,2,1
Vasilij ROGATYČ,škola námořní plavby,2,2
Al SHARPTON,reverend aktivista poradce prezidenta,2,2
Akgun ILHANOVÁ,hydroložka,2,1
Pavel STOPKA,zoolog,2,2
Petr BIRKLEN,enviromentální expert,2,1
George DURNER,spoluautor studie publikované v časopise,2,1
Chloe POZASOVÁ,projektová manažerka,2,1
Uwe MARTH,včelař z berlínské katedrály,2,2
Markus REX,velitel expedice,2,1
Mariusz MAJ,horník,2,2
Laetitia HEDOUINOVÁ,francouzské,2,1
Matyáš ŠANDA,autor projektu,2,2
Bohuslav JANDÁČEK,návštěvník,2,1
Mark FAHERTY,záchranná stanice ve,2,1
Joseph CHRISTIAN,osoba,2,1
Martin SIEGERT,pedagog,2,1
Mette FREDRIKSENOVÁ,dánská premiérka,2,2
Aaron DAVIS,botanik,2,1
Tomáš TUHÝ,policejní prezident,2,2
Lukáš KUNST,kastelán hradu,2,1
Lukáš KOVÁR,porybný,2,1
Toni DOHERTYOVÁ,zachránkyně koaly,2,1
Martina HÁJKOVÁ,spoluautorka výzkumu,2,1
Martin HAVLÍČEK,veterinář žijící v,2,1
Gregory DEBRUYNE,rybář z,2,1
Jair BOLSONARO,brazílsky prezident,2,2
Andy RIVKIN,planetární astronom,2,1
Malu DREYEROVÁ,úřadující premiérka v,2,2
Bernie SANDERS,uchazeč demokratů o prezid,2,2
Marek SLÁMA,skladník,2,1
Lolepo TETILE,honák,2,2
Richard FRANC,velitel jednotky českých hasičů,2,1
Richard NETOPIL,lesní dělník,2,1
Rita UEDA,hudební skladatelka,2,1
Robert KIML,generální ředitel,2,1
Jaroslav DOLEŽEL,rostlinný genetik,2,1
Monika HERTLOVÁ,projekt na čištění moře,2,1
Sammie APLINOVÁ,zdravotní sestra,2,1
Pekarová ADAMOVÁ,nově zvolená předsedkyně strany poslankyně,2,1
Ewa BIEŇKOWSKÁ,pracovnice zahradnictví,2,1
Janet REDMANOVÁ,washingtonský,2,2
Jarmila BARTÁKOVÁ,učitelka,2,1
Der LEYENOVÁ,budoucí šéfka,2,1
František JEMELKA,tiskový mluvčí,2,2
Jan ŠVEJNAR,think tank,2,1
Salik HARD,grónská turistická organizace,2,2
Sally DAVIESOVÁ,šéfka státního zdravotního ústavu pro,2,1
Mitch MCCONNELL,republikánský senátor,2,2
Roman KOBLÁSA,produktový manažer,2,1
Sebastian KURZ,rakouský kancléř,2,2
Deb MCLAUGHLINOVÁ,včelařka,2,1
Jiří GAVOR,energetický analytik,2,2
Ewa BIE KOWSKÁ,pracovnice zahradnictví,2,1
Konference OSN,o klimatu v polských,2,1
Anthony COSTELLO,obor udržitelného rozvoje,2,1
Penny SHARPEOVÁ,stínová ministryně životního prostředí,2,1
Klaus IOHANNIS,rumunský prezident hostitel summitu,2,2
Barbora LOSKOTOVÁ,hydrobioložka,2,1
Vítězslav KREMLÍK,klimaskeptik,2,1
Kreta KAINGANG,vůdce domorodého kmene v,2,2
Igor GIRKIN STRELKOV,ruský nacionalista předák separatistů,2,1
Valentin LEVKOVSKIJ,psovod,2,1
Martin ŠRÁMEK,výzkumný pracovník,2,1
Karel ŠÍMA,pošťák,2,1
Karolína BAUEROVÁ,účastnice protestu v,2,2
Henrique PERREIRA,obchodník z,2,2
Blanka KOTRLOVÁ,místostarostka,2,2
Petr DIFKO,chovatel korýšů,2,1
Manfred MANNHEIM,rybář,2,2
James KIMARU,strážce,2,1
Marika KUPKOVÁ,kurátorka,2,1
Marilyn BRANDTOVÁ,mořská bioložka,2,1
Hervé GARNIER,technik obyvatel,2,2
Bertrand PICCARD,pilot spoluautor letounu,2,2
Ivan RYNDA,sociální a kulturní ekolog katedra,2,1
Hillary CLINTONOVÁ,uchazečka demokratů o prezid,2,2
Hillary CLINTONOVÁ,demokratická kandidátka na prezidentku,2,2
Pavel ŠAMONIL,dendrochronologická laboratoř,2,1
Viktorie TENZEROVÁ,organizátorka festivalu,2,1
Peter BOORMAN,astrofyzik,2,1
Samotná CDU,a kancléřka také řeší svou,1,1
Schillerová ANO,plánuje že recidivu pachatelů omezí,1,1
Schillerová ANO,a sociální demokracie v programovém,1,1
Sarah BIRKBYOVÁ,protestující,1,1
Salome MATANGI,demonstrant v,1,1
Samuel WILKIE,demonstrant,1,1
Samotné ČSSD,a samotní představitelé kteří tam,1,1
Saleemul HUQ,vyjednavač z,1,1
Sakshi GADUROVÁ,indická dívka,1,1
Sajed NOMAN,prodavač textilu,1,1
Sadiq KHAN,labouristický starosta,1,1
Ryan MOWAT,mořský vědec,1,1
Sam MAXEY,nový vyznavač veganství,1,1
David HANSLIAN,autor studie,1,1
David HANSLIAN,ústav fyziky atmosféry,1,1
David BOREK,blízkovýchodní zpravodaj,1,1
David CAMERON,britský konzervativní premiér,1,1
Senátoři STAN,se obrátili na,1,1
Scott LONG,krizové řídící centrum,1,1
Sdružení SOVAK,zastupuje jak vlastníky tak provozovatele,1,1
Sea IS,dnes vlnění,1,1
Schan SU ŤIJ,barmská státní poradkyně ministryně zahraničí,1,1
Sergej ABANIN,ruské ministerstvo pro mimořádné události,1,1
Sebastián PINERA,chilský prezident,1,1
Sekretariát OSN,na moči provádí nemám pravomoci,1,1
David MICHALČÁK,pokrývač,1,1
Sepp RIESER,pastevec,1,1
Dav OK,ty například jsme přece je,1,1
Dave BOOKSA,popelář,1,1
Deborah MASHIBINIOVÁ PRIOROVÁ,volička,1,1
David SNIDER,kapitán ledoborce,1,1
Severovýchod USA,čeká přívaly sněhu,1,1
Richard STADLER,klient družstva,1,1
Devin NUNES,republikánský kongresman,1,1
Dick DURBIN,demokratický senátor za stát,1,1
Dimitrij JEFIMOV,pilot,1,1
Dimitris AVRAMOPULOS,eurokomisař pro vnitro,1,1
Dirk JANSEN,německá federace pro ochranu přírody,1,1
Denis GARBUTT,včelař,1,1
Robert MINAŘÍK,doktorand,1,1
Roberto COSTABAL,kuchař,1,1
Rodrigo ROCHAS,ale také minul branku a,1,1
Roger COX,právní zástupce ekologických organizací,1,1
Roger SORKIN,režisér dokumentu,1,1
Role USA,v boji proti klimatickým změnám,1,1
Divák KH,se ptá na webu,1,1
Severovýchod USA,obecně vlastně severovýchodní polovina,1,1
Divák MD,se ptá ještě na jedno,1,1
Rolf DENSING,operační ředitel,1,1
Roman DYMÁČEK,hlavní inženýr divize,1,1
Rose SEABROOKOVÁ,účastnice protestu v,1,1
Rozpočet EU,pro příští rok,1,1
Roman SPURNÝ,správce ledové plochy,1,1
Roman TROUP,divák,1,1
Rudolf KOVAŘÍK,pozorovatel,1,1
Rudolf KOVAŘÍK,pracovník,1,1
Ruml OK,za informace,1,1
Rune SVENNING,horník,1,1
Rusko OSN,dá se vůbec nerespektuje,1,1
Rusové IT,často prostě ze země odcházely,1,1
Denisa ZBĚHLÍKOVÁ,chovatelka,1,1
Dawood AHMADZAL,uprchlík z,1,1
Divák MD,ptá se za starých časů,1,1
Susan HARTYOVÁ,evakuovaná z,1,1
Steve BRAY,odpůrce brexitu,1,1
Stefania FIOREOVÁ,italská hasička,1,1
Stefano BOERI,architekt staveb,1,1
Stefano VIO,gondoliér a potápěč,1,1
Daniel MAURICIO,starší kmene,1,1
Daniel BAREŠ,agrometeorolog,1,1
Daniel CALATAYUD,technik zalesňování,1,1
Daniel SZÓRÁD,odvolaný generální ředitel,1,1
Daniel POŠTA,designér šperků,1,1
Daniel SKÁLA,cimbálista,1,1
Daniel SOUKUP,proděkan,1,1
Dalila JAKUPOVIČOVÁ,tenistka,1,1
Dan BROWN,spisovatel,1,1
Dan BÁRTA,zpěvák a amatérský entomolog,1,1
Richard ZÁRUBA,statutární ředitel firmy,1,1
Dale VINCE,ekologická firma,1,1
Steve FORREST,biológ,1,1
Steve GREEM,projekt na čištění moře,1,1
Summit OSN,o klimatických změnách,1,1
Summit OSN,o změně klimatu,1,1
Stientje VAN VEIDHOVENOVÁ,nizozemská ministryně životního prostředí,1,1
Stientje VAN VELDHOVENOVÁ,nizozemská ministryně životního prostředí,1,1
Stream II,a překlenuje to hnědouhelnými elektrárnami,1,1
Stutox II,a to na povrchu půdy,1,1
Sven DEUBLER,německá civilní ochrana,1,1
Svenja SCHULZEOVÁ,spolková náměstkyně ministryně životního prostředí,1,1
Summit EU,a asijských zemí,1,1
Summit EU,a britské volby,1,1
Summit EU,se shodl na víceletém rozpočtu,1,1
Tak ČSSD,samozřejmě to říká tady pan,1,1
Dale STURROCK,bratr,1,1
Shaun WEST,lincolnshirská policie,1,1
Sergi GIRONA,provozní ředitel,1,1
Sibiu EU,chce demonstrovat jednotu a debatovat,1,1
Sie ČEN CHUA,hlavní čínský vyjednávač v oblasti,1,1
Serpil TASCIOGLUOVÁ,projektová manažerka,1,1
Dave THOUP,britské ministerstvo životníh prostedí,1,1
David BERNSTEIN,delegát,1,1
Sigurdur ERLINGSSON,správce parku,1,1
Sileši BEKELE,etiopský ministr pro vodohospodářství a,1,1
Sonya PEMBERTON,režisérka,1,1
Skotka OK,palmový olej palmu palmu olejnou,1,1
Skotská BBC,hledala moderátora pro dokument o,1,1
Skupina PGE,chce v místě těžit až,1,1
Skupiny ČEZ,pro severní,1,1
Srebrenka GOLIČOVÁ,srbská ministryně plánování a životního,1,1
Stanislav JURÁNEK,tehdejší jihomoravský lídr strany,1,1
Sledování ČT,sport dobrý den,1,1
Slovensko ČR,také právě proto že jsou,1,1
Snahou OSN,je proto přimět světové lídry,1,1
Snahu OSN,proto přimět světové lídry aby,1,1
Daniel VÍTEK,policejní mluvčí,1,1
Spojence NATO,podporují,1,1
Spojenci NATO,se připravují na dlouhodobé poskytování,1,1
Společnost OKD,se loni odvolala,1,1
Společnost ČEZ,uvolnila pro ukrajinské uprchlíky,1,1
Správa OSN,počítá i s katastrofickým scénářem,1,1
Daniel ŘIČICA,divák,1,1
Daniela KAUDERSOVÁ,učitelka,1,1
Stella PAPADIMITRIOSOVÁ,šéfka produkce vinice,1,1
Starostka PECKOVÁ,jak mám jako starostka zařídit,1,1
Stanislav HAVLÍČEK,místostarosta,1,1
Soudce US,řekl že soud se zabýval,1,1
Pokud PS,pošle všechna jména prezident to,1,1
Fahri TUNC,fotograf aktivista,1,1
Falci CDU,skončila druhá i přesto že,1,1
Falcon SCOTT,britský polárník,1,1
Počasí ČT,tam chodí hlavně fotografie kde,1,1
Podle UNESCO,ohrožovaly stabilitu podloží,1,1
Podle USA,je v,1,1
Podle ČSSD,je totiž kvůli podfinancování v,1,1
Poháru EHF,doma zdolali posílené,1,1
Pojezný KSČM,a návrh státního rozpočtu s,1,1
Pojezný KSČM,podporovala tuhle vládu,1,1
Pokračujeme SPORTEM,dobrý den,1,1
Pro ČEZ,i pro celé,1,1
Problémy OSN,na místě nevyřeší ale obrátí,1,1
Pokud ČSSD,ustoupí tak bude v té,1,1
Summit NATO,byl svolán spíše jako přípravný,1,1
Poslankyně ODS,paní,1,1
Poslední CDU CSU,doskočili sociální demokrati,1,1
Pospíšila ANO ODS,o tom se hovořilo už,1,1
Považoval NDR,za to lepší,1,1
Eva BOGOEVSKÁ,houslistka ze,1,1
Eriksen SOREIDOVÁ,norská ministryně zahraničí,1,1
Rada EU,plus předseda a potvrdit to,1,1
První GSM,mobily,1,1
Předal ČTÚ,je volant éry,1,1
Předpověď MMF,o zpomalení ekonomiky,1,1
Předseda KDU ČSL,a vicepremiér,1,1
Esef JASAREVIČ,místní rybář,1,1
Radek PASTRŇÁK,zpěvák kytarista,1,1
Radek SOUKUP,výzkumní,1,1
Přes EIA,to nelze udělat to je,1,1
Polsko ČR,tady,1,1
Pražská MHD,teď má v karanténě nebo,1,1
Prezident USA,prohlásil že se za své,1,1
Princ HARRY,vnuk britské královny,1,1
Priscilla ROBINSONOVÁ,protestující,1,1
Pro SŽDC,je výstavba vysokorychlostní železnice jednou,1,1
Phillipe VAILLER,francouzský policista,1,1
Prognózy OSN,o nějakých deseti miliardách v,1,1
Program OSN,pro životní prostředí analyzují jejich,1,1
Program ČSSD,spekulanti nechávají domy chátrat anebo,1,1
Programu OSN,pro životní prostředí jste v,1,1
Phillippe LAMBERTS,spolupředseda,1,1
Phudoma ŠERPAOVÁ,vesničanka z,1,1
Piráti OSN,není v tuto chvíli není,1,1
Piráti OSN,vznikl jako výsledek druhé světové,1,1
Pirátů ČSSD,hnutí,1,1
Evelin HERNANDEZOVÁ,svědkyně útoku,1,1
Plán EK,na nižší emise,1,1
Podle CVVM,převážil negativní postoj,1,1
Podle NKÚ,ho kabinet využil jen jednou,1,1
Podle NKÚ,také některé mechanismy ve vedení,1,1
Podle ODS,by takový krok podpořil podnikání,1,1
Podle OSN,byl minulý měsíc vůbec nejteplejším,1,1
Podle OSN,extrémy způsobují v zasažených státech,1,1
Podle OSN,je možné kritický nedostatek vláhy,1,1
Falcon SCOTT,britský polárník poslední záznam v,1,1
Evropa ČTK,získala rozvíjela tuto možnost technicky,1,1
Experti OSN,odhadují že bychom dokonce v,1,1
Eva TYLOVÁ,místostarostka,1,1
Eva VOJTOVÁ,scénáristka,1,1
Eva ČAPKOVÁ,čtenářka,1,1
Evan QUARTERMAIN,záchanář,1,1
Plus DPH,nezapomínejme,1,1
Robert FULGHUM,americký spisovatel zdroj,1,1
Robert HABECK,spolupředseda,1,1
Roald AMUDNSEN,norský polární badatel první na,1,1
Reportéři ČT,a ti využívají toho strachu,1,1
Reportéři ČT,v tomto týdnu uvedli že,1,1
Rašíd DŽAKAIL,syrský uprchlík a otec utonulého,1,1
Reakce EU,na zvolení,1,1
Reinhold MESSNER,horolezec,1,1
Richard BEXTER,protestující,1,1
Richard BORTIS,horský průvodce ve švýcarských,1,1
Donald TUSK,odstupivší předseda,1,1
Donald TUSK,stávající předseda,1,1
Donna GUILLAMOTOVÁ,evakuovaná z,1,1
Dopolední SPORT,je připraven dobrý den,1,1
Dorjsuren ADIYA,družstvo,1,1
Připomenu EU,má přes půl miliardy obyvatel,1,1
Dmitrij MICHAJLOV,hasič,1,1
Dny NATO,nabízejí letos rekordní množství techniky,1,1
Dita CHARANZOVÁ,zvolená místopředsedkyně,1,1
Divák DAYD,se ptá jaká byla,1,1
Do UNESCA,chce,1,1
Dolu ČSM,je teď kolegyně,1,1
Divák SK,ptá se jestli se může,1,1
Diváka ANTI,zajímá odpovíme jenom stručně pod,1,1
Diváka SK,zajímá jaké problémy kvůli sněhu,1,1
Richard BRABEC,vícepremiér ministr životního prostředí,1,1
Richard FRANC,velitel jednotky českých hasičů v,1,1
Do NHL,se podíval až ve,1,1
Roald AMUNDSEN,norský polární badatel první na,1,1
Robert BANDA,účastník protestů,1,1
Robert CAMPOVERDE,plukovník ekvádorské armády,1,1
Diváky ČT,bych pozval na scénu,1,1
Přišel COVID,samozřejmě pokles finančních prostředků do,1,1
Evo MORALES,bolivijský prezident,1,1
Eva PERNICOVÁ,lékařka,1,1
Radek PASTRŇÁK,zpěvák a kytarista,1,1
Emilia DE KAVALIJERIHO,je nejstarším podobným dílem a,1,1
Elijah GICHURU,výzkum a patologie rostlin,1,1
Eliška SÁČKOVÁ,pořadatelka členka hnutí,1,1
Radek ŠVÁB,výrobní ředitel,1,1
Radim DRAGOUN,okresní státní zástupce,1,1
Emmanuelle DEFAAZOVÁ,belgická turistka,1,1
Energa SA,cest,1,1
Radim TOLASZ,klimatolg,1,1
Radek ČERNÝ,poškozený řidič z,1,1
Erdenee BATZORIG,společnost pro ochranu životního prostředí,1,1
Eric BROTHERTON,oběť záplav,1,1
Renata MATOUŠKOVÁ,staniční sestra,1,1
Erik BOLANOS,kostarický farmář,1,1
Emmanuel MACRON,nezávislé hnutí,1,1
Radomil BALOUN,vinař,1,1
Radomil DOLEŽAL,generální ředitel agentury,1,1
Dárcovskými DMS,zprávami budou moci na konto,1,1
Díky LNG,z celého světa,1,1
Dorjusen ADIYA,družstvo,1,1
Raúl CASTRO,kubánský prezident,1,1
Rady EU,v druhé polovině příštího roku,1,1
Radě EU,takže ono to není úplně,1,1
Ram PATEL,stoupenec indického premiéra,1,1
Rami MIZRACHI,správce přístaviště u,1,1
Randy HOLT,kapitán ponorky,1,1
Ray MICHALKO,bývalý policista,1,1
Ejasu KATHELO,pěstitel kávy,1,1
Eric TRUMP,syn prezidenta,1,1
Vladyslava BANK,delegátka,1,1
Barbora BARCALOVÁ,advokátka,1,1
Antonín OSIČKA,zemědělské družstvo,1,1
Antonio VELLECA,pracovník v benátském cestovním ruchu,1,1
Vláda ODS,postupně slábne přichází zprávy o,1,1
Arnold KING,bahamský meteorologický úřad,1,1
Volker TREIER,německá průmyslová a obchodní komora,1,1
Vratislav MYNÁŘ,kancelář prezidenta republiky,1,1
Vratislav MYNÁŘ,kancléř prezidenta republiky,1,1
Vsetína ORP,část a podobně nemají na,1,1
Vojtěch KÁNĚ,dobrovolník,1,1
Babiše ODS,ji nepodpoří teď premiér jedná,1,1
Arsenij JACEŇUK,ukrajinský premiér,1,1
Audi BMW,pro ty by to byla,1,1
Augustin BERMEJO,lesní inženýr,1,1
Proč ODS,musela sáhnout po člověku proč,1,1
Anna HUBÁČKOVÁ,navrhovaná ministryně životního prostředí nestr,1,1
Anna JEVSTRATOVOVÁ,organizátorka,1,1
Ann CARLSONOVÁ,právnička,1,1
Annapaola LAVENOVÁ,kavárnice,1,1
Ano ALDE,určitě může vstoupit do hry,1,1
Ano NATO,je platformou důležitou platformou pro,1,1
Anna MITILINEOUOVÁ,protestující,1,1
Anna MITUŠOVÁ,kurátorka,1,1
Václav HAVEL,bývalý česko slovenský prezident,1,1
Václav HAVEL,tehdejší český prezident ukázka ze,1,1
Václav HLAVÁČ,agentura ochrany přírody,1,1
Anna ŠARATŠICHOVÁ,potápěčka,1,1
Antonio GUTTERES,generální tajemník,1,1
André BORSCHBERG,pilot,1,1
Andrej PERSIJANOV,velitel vrtulníkové letky ruské armády,1,1
Arias CANETE,eurokomisař pro otázky klimatu,1,1
Valerio ROJAS,rybář,1,1
Veronika FLEISSIGOVÁ,delegátka,1,1
Bohuslav SOBOTKA,český premiér,1,1
Victor MANJARREZ,bývalý americký pohraničník sektor,1,1
Bernie SANDERS,demokratický podporovatel,1,1
Bez CEITEC,by nebyl zde tak silný,1,1
Bernard BIGOT,generální ředitel,1,1
Violeta TOMIČKOVÁ,slovinská poslankyně,1,1
Virus HIV,patří vlastně k nejzkoumanějším biologickým,1,1
Viktor PLACHÝ,agronom,1,1
Viktor PORTEL,spoluautor projektu,1,1
Vladimir KARA MURZA,ruský opoziční aktivista,1,1
Vladimir PASEČNIK,velitel základny,1,1
Bitney CRONE,dokument,1,1
Blanka SVOBODOVÁ,bývalá zaměstnankyně,1,1
Barack OBAMA,amererický prezident,1,1
Bin SALMAN,saúdskoarabský princ,1,1
Barbora SVÓBODOVÁ,spoluorganizátorka akce,1,1
Vladimír BESKID,kurátor,1,1
Vladimír BESKYD,kurátor,1,1
Bedřich MOLDAN,geochemik ekolog bývalý ministr životního,1,1
Vladimír LETOCHA,pracovník,1,1
Vladimír KOBLÍŽEK,přednosta plicní kliniky,1,1
Vladimír KRCHOV,obchodní ředitel,1,1
Bernard INGHAM,bývalý tiskový mluvčí,1,1
Bendle OSN,jak jsem o ní mluvila,1,1
Bartoška KDU ČSL,a vicepremiéra za hnutí,1,1
Ač API,k nám nebo řada čápů,1,1
Babiš ČSSD,již vládnout,1,1
Vladimír VALENTA,hlavní hygienik,1,1
Vladimír WAGNER,jaderný fyzik,1,1
Bloomberg NEF,když to budu citovat přesně,1,1
Allison MACFARLANOVÁ,odborný časopis pro jaderné vědce,1,1
Čína USA,nebo,1,1
Část CEITEC,kterou zajišťuje,1,1
Štáb BBC,strávil týden s vojáky v,1,1
Alfonso VALENCIA,oddělení medicíny,1,1
Ali SUBAH,jordánské ministerstvo pro vodu a,1,1
Aleš CIGÁNEK,šéfkameraman,1,1
Alfréd PLAŠIL,místostarosta,1,1
Zdeněk PELDA,mykolog,1,1
Zdeněk PAZDERKA,zahradník,1,1
Zdeněk ŠKROMACH,neúspěšný kandidát do,1,1
Zdeněk ZVONEK,dokumentarista,1,1
Alexandar VUČIČ,srbský prezident,1,1
Alexandr OVEČKIN,útočník,1,1
Alexander RAFAEL,dobrovolník,1,1
Andrew FEUSTEL,astronaut,1,1
Zac TUDOR,krajinářský architekt,1,1
Za ČSSD,tu máme,1,1
Za ČSSD,paní,1,1
Zbyněk PAVLAČÍK,organizátor spolek,1,1
Zbyněk MIKULICA,silničář řidič posypového vozu nesrozumitelné,1,1
Zavádění EET,do života je ve,1,1
Anahi CORDEROVÁ,veterinářka,1,1
Americká NASA,zjistila že ledovce na,1,1
Zachraňme ČSSD,přišla v úterý s několika,1,1
Zachraňme ČSSD,mluví i o rekonstrukci vlády,1,1
Amarjit SANGH,odpůrce indického premiéra,1,1
Alvin SMITH,vynálezce zařízení,1,1
Anastasija RADYCHOVSKAJA,obchodní manažerka terapeutického rodinného centra,1,1
Ali GUFU,pastevec uživatel aplikace,1,1
Protocol CAP,formát kdy je vlastně takový,1,1
Zdeněk NEKUDA,navrhovaný ministr zemědělství,1,1
Angela MARKELOVÁ,německá kancléřka,1,1
Angela MERKELOVÁ,německá kancléřka předsedkyně,1,1
Anglie HDP,stouplo tak razantně tak si,1,1
Ani JAR,typu no more,1,1
Ani ODS,jste zapomněl říct,1,1
Václav LENGOVIČ,dřevorubec,1,1
Václav LIDICKÝ,výrobně technický ředitel,1,1
Václav ČUBR,sdružení,1,1
Václav ŠILHA,fotograf,1,1
Václav SOJKA,strážce,1,1
Věra JOUROVÁ,budoucí místopředsedkyně,1,1
Vítězslav KOLEK,přednosta kliniky plicních nemocí a,1,1
Xaví MATILLA,hlavní architekt barcelonské radnice,1,1
Andrea BASSERNE,protestující,1,1
Walter MARTOS,peruánský premiér,1,1
Xavier VANBILLEMONT,rybář na pláži,1,1
Wang JIN ŤI,rolník,1,1
Andreas GAJDOŠÍK,finalista,1,1
Andrej BABIŠ,designovaný premiér předseda hnutí,1,1
Zbyněk STANJURA,nově zvolený,1,1
Zdenka POLACHOVÁ,cestující,1,1
Zastupuje OSN,v otázce změn klimatu,1,1
Zavedení EET,nám přináší komplikace technické ne,1,1
Washingtonu DC,s nimiž jsme se podíleli,1,1
Washingtonu USA,a ona se představila jako,1,1
Zdeněk HOLEČEK,divák,1,1
Werner KOGLER,vicekancléř,1,1
Will RUST,divák,1,1
Yasuo TAKAMATSU,muž který při tsunami přišel,1,1
William VOGT,hasič,1,1
Wubbo OCKELS,iniciátor akce bývalý astronaut,1,1
Wan AZÁZAHOVÁ,malajsijská vicepremiérka,1,1
Tereza VAČKAŘOVÁ,čtenářka,1,1
Tino CHRUPALLA,volební lídr,1,1
Christopher DOBSON,biochemik profesor chemické a strukturální,1,1
Christian TORRES,kuchař,1,1
Titaniku II,mají doplout až do cíle,1,1
To DPH,je potřeba taky vyjednávat v,1,1
To NATO,to ví už nejméně,1,1
Todd FRERICHS,zaměstnanec,1,1
Tom PHILIPP,přednosta,1,1
Tim COLE,hudební producent dokumentarista,1,1
Timur ZAMILOV,výrobce cínových vojáčků,1,1
Clara GOLDSMITHOVÁ,organizace,1,1
Tom STEYER,filantrop obchodník,1,1
Tomasz KIIEWSKI,mořský biolog,1,1
Tomasz LAMIK,samospráva,1,1
Vedení ODS,nyní usiluje o jejich propuštění,1,1
Chartu OSN,je nutné služba a ujišťuji,1,1
Chartu OSN,to je vlastně zakládající listina,1,1
Celine TARDYOVÁ,mořská výzkumnice,1,1
Centru ICRC,zase vzniká výzkumný tým který,1,1
Cezary PONIATOWSKI,autor díla,1,1
Cezary PRZYBYLSKI,maršálek,1,1
Charty OSN,a to to volalo že,1,1
Charty OSN,budovali,1,1
Charty OSN,jsem ujištěna přesvědčen o tom,1,1
Charty OSN,když to takto jednoduchá volba,1,1
Charty OSN,silnice která tak já se,1,1
Chartě OSN,je napsáno že útočná agresivní,1,1
Chartě OSN,na základě,1,1
Chartě OSN,v roce,1,1
Tomáš DRÁPELA,generální ředitel,1,1
Chartou OSN,především na základě principu rovnosti,1,1
Takže ANO,do budoucna,1,1
Tam NKÚ,nenašel pochybení,1,1
Svět CNN,dobyla v roce,1,1
Sylva MAŠÍNOVÁ,soudkyně,1,1
Ta OKD,následně přeprodala firmě,1,1
Ted CRUZ,republikánský senátor,1,1
Ted MAKSYM,oceánografický ústav,1,1
Tanaka OV,bylo,1,1
Taťána FISCHEROVÁ,občanská aktivistka,1,1
Tak IPCC,není výzkumná instituce,1,1
Tak KSČM,byla první stranu která by,1,1
Tak SPD,se také chová populisticky jo,1,1
Což ČT,netvrdila,1,1
Craig SPENCER,hasič,1,1
Tchang KUO ČCHAING,zvláštní vyslanec čínského ministra zahraničí,1,1
Tim COLE,hudební producent a dokumentarista,1,1
Ted CRUZ,republikánský kandidát za,1,1
Czech ADAPT,a prezentujeme na klimatickezmene,1,1
Cíle ČEZ,do roku,1,1
Clarkson BBC,nebo ona jeho,1,1
Claude JUNCKER,končící předseda,1,1
Claude THEULOT,vinař,1,1
Tereza CHMELAŘOVÁ,účastnice akce,1,1
Colin BUTFIELD,mediální manažer,1,1
Thanh THUY,sousedka strženého domu,1,1
Tereza KOBELKOVÁ,doktorandka,1,1
Tehdy OSN,obvinil z toho že společenství,1,1
Temelín ČEZ,je v zisku a může,1,1
Ten ASEK,to předpokládá protože to co,1,1
Teplicím FCSB,odehrálo utkání v domácí soutěži,1,1
Tia NELSONOVÁ,dcera zakladatele,1,1
Te VELTHUIS,šéfkuchař,1,1
Bruce SPALDING,lesník,1,1
Tony APPLETON,fanoušek monarchie neoficiální vyvolávač,1,1
Tomáš VYHNÁNEK,odborný as,1,1
Tomáš VĚTROVSKÝ,bioinformatik,1,1
Tomáš WEIGNER,výrobní ředitel,1,1
Třeba ODS SPD,nebo českým,1,1
Třetí KSČM,je na,1,1
Ukrajině AAA,vlastně rozruch krajů a ten,1,1
Tristan VANCLEEF,účastník protestu,1,1
Trudy PAAPOVÁ,vedkyně z univerzity v,1,1
Trump KLDR,je světovým problémem,1,1
Trynes KAYUNIOVÁ,učitelka v,1,1
Turbulence ČT,to jsou stránky našeho našeho,1,1
Tyler EDWARDS,obyvarel,1,1
Tím ÚS,nenaznačuje jak má nakonec trestní,1,1
Chloe KOCHELLOVÁ,účastnice protestů,1,1
Vagelis GAVALAS,spolumajitel vinohrad,1,1
Valentin KIRILOV,ruský pop,1,1
Valerie MASSON DELMOTTEOVÁ,panel,1,1
Ulrike SCHARFOVÁ,bavorská státní ministryně životního prostředí,1,1
University NASA,nechá do planetky narazit vesmírnou,1,1
Borut PAHOR,slovinský prezident,1,1
Boris HEZZMANN,kapitán,1,1
Vasilij ROGATYCH,škola námořní platby,1,1
Bob KOPP,spoluautor zpráv,1,1
Bob KOPP,spoluautor zprávy,1,1
Bohdan LOJKA,agrolesník,1,1
Vaso DIMITRAKOPOLUOVÁ,postižená požárem,1,1
Vaso VLACHOUOVÁ,protiamerická demonstrantka,1,1
Vedení EU,bude jednat s prezidentem,1,1
Vedení KDU ČSL,schválilo koaliční smlouvu,1,1
Třeba EIA,když se na to zpracovává,1,1
Chris CHRISTIE,republikánský politik guvernér,1,1
Chris STARK,výbor por klimatickou změnu,1,1
Tomáš KLUS,zpěvák,1,1
Tomáš HÁJEK,technický pracovník,1,1
Bude ODS,pro aby tímhle způsobem zainvestovala,1,1
Bulka PIN,bydlo,1,1
Buren ČIČIG,ekologická migrantka,1,1
Byambasuren TOITOG,vůdce komunity v oblasti,1,1
Carlen PHILIPP,hoteliér,1,1
Carola RACKETEOVÁ,kapitánka lodi,1,1
Carolina ADLEROVÁ,spolupředsedkyně,1,1
Carolina SCHMIDTOVÁ,chilská ministryně pro životní prostředí,1,1
Caroline KENNEDYOVÁ,dcera,1,1
Challanger CNN,jí jako jediná vysílala živě,1,1
Tomáš MADER,lesník obyvatel,1,1
Broumov OKD,další protože bohužel,1,1
Brabec JE,host dnešního interview děkuju vám,1,1
Brad SMITH,generální ředitel,1,1
Brenda STEPHENSOVÁ,zaměstnankyně pošty ve městě,1,1
Boris TEUNIS,nizozemský odborník vodní správy,1,1
Tomáš TELENSKÝ,dobrovolný spolupracovník v terénu,1,1
Tomáš TRNKA,správce parku veřejné zeleně města,1,1
Britské HDP,by letos mohlo klesnout až,1,1
Británii AKO,už ne členem,1,1
Brně ICRC,a nemocnice v,1,1
Tomáš ZAAL,praktický lékař,1,1
Tomáš ZAVŘEL,generální ředitel,1,1
Tomáš TRNKA,stavební koordinátor,1,1
Tomáš SLACH,výzkumný pracovník,1,1
Tomáš SLAVKOVSKÝ,marketingová ředitel,1,1
Brooklynu AIDS,skáče se vám,1,1
Tomáš KNOFLÍČEK,kurátor,1,1
Juniorské ME,v silniční cyklistice otevřela ženská,1,1
Maxim LOMYKIM,pilot,1,1
Max WAKEFIELD,organizátor protestu,1,1
Max BARCLAY,kurátor oddělení brouků,1,1
Julien PERRIN,francouzský včelař,1,1
Julianne BARBIERE,mezinárodní oceánografická komise,1,1
Julia EVEOVÁ TRUSTRAMOVÁ,šéfka marketingu asociace anglických vinařů,1,1
Čang JUNG,generální ředitel,1,1
Kapela MIDI,lidi vyhrála soutěž o nejlepší,1,1
Kandidátem SPD,se stal jeho předseda,1,1
Kamil VÁVRA,odlévač,1,1
Kafule JIGZAV,stavební dělník,1,1
Kacanobu KATO,vrchní tajemník japonské vlády,1,1
Kamala HARRISOVÁ,demokratická kandidátka na viceprezidentku,1,1
Matěj PEKR,útočník,1,1
Kamala HARRIS,zvolená viceprezidentka,1,1
Jyri VILJANEN,kapitán ledoborce,1,1
Michaela MAREČKOVÁ,rostlinná fyzioložka,1,1
Josef HOLEŠ,nadlesní,1,1
Michal HOZÁK,čtenář,1,1
Michael KIDD,prvním muže žádajícího o azyl,1,1
Michael KARISCH,německý turista,1,1
Mette FREDERIKSENOVÁ,dánská premiérka,1,1
Metody CRISPR,můžete dozvědět v rozhovorech s,1,1
Jurij MOJSEVIČ,hlavní trenér běloruského atletického týmu,1,1
Michael HOULT,australský jachtař,1,1
Mercedes RBS,slibuje dojezd,1,1
Melinda GATESOVI,prohlášení,1,1
Melina GATESOVÁ,manželka,1,1
Melanie ENGRAMOVÁ,výzkumná asistentka z,1,1
Meghan TAYLOROVÁ,účastnice protestů,1,1
Meghan MARKLEOVÁ,vévodkyně ze,1,1
Michael BENDAVID,právní zástupce obžalovaných,1,1
Metoda PCR,potvrdila nákazu u tisíce,1,1
Keystone XL,tedy ta nová trubka jen,1,1
Kevin JOHNSON,válečný veterán,1,1
Klub KSČM,nepodporuje tuto normu tak vraťme,1,1
Klaus JOHANNIS,rumunský premiér hostitel summitu,1,1
Kerem ATATUN,asistent vedoucího projektu na ochranu,1,1
Kim DO HYEON,vůdkyně demonstrací v,1,1
Martin ROMAN,tehdejší generální ředitel,1,1
Martin ŠTRUPL,generální ředitel,1,1
Kdyby ČSSD,z vlády odešla kdyby se,1,1
Kdy MPO,tedy vypsalo jakousi socioekonomickou nebo,1,1
Katarína SENDECKÁ,analytická chemička,1,1
Martin NOVÁK,finanční ředitel,1,1
Martin POVEJŠIL,český velvyslanec při,1,1
Ko BARRETTOVÁ,vicepředsedkyně,1,1
Kongresu OSN,nebo ve,1,1
Konference OSN,o změnách klimatu ve,1,1
Kateřina HOFSCHNAIDROVÁ,dobrovolnice,1,1
Matt DUNBABIN,vynálezce robota,1,1
Martina VAŠÁKOVÁ,přednostka pneumologické kliniky,1,1
Martina RIEBAUEROVÁ,dramaturgyně,1,1
Martina NAVRÁTILOVÁ,tenistka,1,1
Matyáš JAKUBŮ,protestující,1,1
Karina KOTTOVÁ,kurátorka výstavy,1,1
Karolína BRANDLOVÁ,zooložka,1,1
Karel PEŠÁK,spolumajitel,1,1
Karin POLZIOVÁ,turistka,1,1
Karel ŠROL,tiskový odbor,1,1
Karel ČERMÁK,generální ředitel,1,1
Karla IV,který,1,1
Martin TOBOLKA,obsluha lanové dráhy,1,1
Martin ZAVRTÁLEK,metodik ochrany lesa,1,1
Martin ŠPALEK,místostarosta,1,1
Karel KALIVODA,místostarosta,1,1
Kate SHEFFEROVÁ,národní akvárium v,1,1
Milada VÁLKOVÁ,vinařka,1,1
Milada VÁLKOV,vinařka,1,1
Milan CHYTRÝ,botanik,1,1
Miguel ROMERO,hasiči,1,1
Joe BIDEN,demokratický kandidát,1,1
Michel FONNE,vinař,1,1
Miguel ARIAS CANETE,eurokomisař pro klima a energie,1,1
Michaela BABIŠOVÁ,iniciativa,1,1
Micheál MARTIN,irský premiér,1,1
Michelle OBAMOVÁ,bývalá prvá dáma,1,1
Michelle BACHELETOVÁ,vysoká komisařka,1,1
Michel TEMER,brazilský vicepremiér,1,1
Michal ZEMAN,molekulární biolog,1,1
Jiří ŠTEFEK,cyklista,1,1
Michal SLOUKA,pozorovatel,1,1
Michal RYGL,přednosta,1,1
Mick RYAN,australský generál ve výslužbě,1,1
Jiří KADEŘÁBEK,hudební skladatel,1,1
Jiří KOS,sekce ochrany a podpory veřejného,1,1
Milan VÁŇA,výzkumný pracovník,1,1
Milena DRDÁCKÁ,klientka družstva,1,1
Milan ŠÁLEK,hlavní metoorolog,1,1
Jiří HORSKÝ,hrázný,1,1
Milan NOVOTNÝ,učitel,1,1
Mikuláš MINÁŘ,organizátor protestů předseda spolku,1,1
Jiří TERYNGEL,advokát soudkyně,1,1
Jiří WEIGL,kancléř prezidenta spoluzakladatel,1,1
Jiří SPRUŽINA,entomolog,1,1
Jiří SEDMÍK,doktorand,1,1
Jiří NĚMČÍK,velitel,1,1
Jiří NEJDL,divák,1,1
Jiří PETERKA,cestující,1,1
Jiří POVÝŠIL,paraolympionik,1,1
Jiří TUREK,radiologický technik,1,1
Jonathan BRENT,vysokoškolský pedagog odborník na komunismus,1,1
Michail KREINDLIN,představitel ruské pobočky organizace,1,1
John KERRY,zvláštní vyslanec pro boj proti,1,1
John ZIZIULAS,metropolita pravoslavné církve řecký teolog,1,1
Joonas FRITZE,ochránce přírody,1,1
John KERRY,americký zmocněnec pro boj s,1,1
John KASICH,republikánský kandidát na prezidenta,1,1
Michal RYBNÍČEK,dendrochronolog,1,1
John MCCAIN,republikánský prezidentský kandidát,1,1
John KERRY,zvláštní zmocněnec pro boj s,1,1
Josef STRAKA,organizátor festivalu,1,1
Joseph MILLS,fotbalista klubu,1,1
Judy FRYLANDOVÁ,chicagský magistrát,1,1
Josef LEPŠA,spoluautor projektu studio,1,1
Josef PATOČKA,účastník pařížské konference,1,1
Josef PÁNEK,spisovatel a vědec,1,1
John WOJNOWSKI,oběť sexuálního zneužívání,1,1
Michal POLANSKÝ,odtahová služba,1,1
John KERRY,zvláštní vyslanec prezidenta,1,1
Michal KŘEMEN,strážník městské policie,1,1
John EDEL,pilot,1,1
John CHRISTENSEN,autor zprávy,1,1
Johannes TORPE,designér,1,1
Joe PELLE,šerif,1,1
Jonathan EWING,podnikatel,1,1
Joel KELOI,pastevec uživatel aplikace,1,1
John GADDIE,kapitán hasičského odddělení prevence,1,1
Michal HODRAVA,hasič,1,1
Michal HLAVIČKA,velitel zásahu,1,1
Michal DRÁBEK,dopravní expert,1,1
Michal JAKUBEC,preparátor,1,1
Michal HÁJEK,botanik,1,1
Jones ES,un kódem a teplotě,1,1
Johan HOLLANDER,švédský mořský biolog,1,1
Zsolt SEMJÉN,designovaný maďarský vicepremiér pro menšiny,1,1
Zpráva OSN,upozorňuje že rozmanitost se snižuje,1,1
Zpráva OSN,počítá s katastrofickým scénářem že,1,1
Zpráva OSN,mluví o všech přírodních katastrofách,1,1
Zpráva OSN,milionu druhů hrozí vyhubení,1,1
Zpráva EK,o přerozdělování migrantů,1,1
Zpráva EEA,o klimatu,1,1
Konference OSN,o klimatických změnách se prodlouží,1,1
Alejandro NEYRA,peruánský ministr cestovního ruchu,1,1
Zemanova ČSSD,za podpory,1,1
Čang CHAJ PIN,pastevec z provincie,1,1
Úřad OSN,pro uprchlíky letošní favorité se,1,1
Úspěch CNN,ale nepřišel přes noc,1,1
Česká BIS,varuje opakovaně před zahraniční špionáží,1,1
Čang ČCHIEN,šéfka projektu pro kontrolování počasí,1,1
Škoda ENYAQ,má zvládnout dnes přes,1,1
Alena DOSTÁLOVÁ,hydrobioložka,1,1
Lukáš JANOTA,autor oceněné diplomové práce,1,1
Magali HUARACHIOVÁ,dobrovolnice,1,1
Luke PETERS,lovec humrů,1,1
Maatiusi MANNING,inuitský námořník,1,1
López OBRADOR,mexický prezident,1,1
Lídři ODS,lidovců a starostů nové předsedkyni,1,1
Lídři EU,o klimatu,1,1
Alena SEIBERTOVÁ,osoba,1,1
Léčba HIV,jsou komplikovanější záležitost protože léčil,1,1
Luděk KLUSÁČEK,trenér,1,1
Lukáš ULRYCH,učitel,1,1
Alex MOTUKO,ochránce přírody žirafí centrum v,1,1
Alex DESSARD,dobrovolník z,1,1
Alex ALLEY,britský jachtař zdroj,1,1
Alena ŽÁKOVSKÁ,oddělení fyziologie a imunologie živočichů,1,1
Alena STOLÁŘOVÁ,hydroložka,1,1
Lídrem KDU ČSL,na jižní,1,1
Al SHARPTON,reverend aktivista,1,1
Agniwzska POMASKÁ,opoziční politička,1,1
Agniezska POMASKÁ,opoziční politička,1,1
Agniezska PAMASKÁ,opoziční poslankyně,1,1
Agentura AFP,píše o bezprecedentní mobilizaci,1,1
Aktech OVM,s předsedkyní,1,1
Akta OVM,s ředitelem dopravní policie,1,1
Zástupci USA,budou jednat s tureckým prezidentem,1,1
Šéf ČSSD,se včera sešel s prezidentem,1,1
Šéf ČS,měl by mít lékaři možnost,1,1
Šéf OSN,na klimatickém summitu vyzval státy,1,1
Aires SILVA,muž zasažený požáry,1,1
Zástupci ČSSD ANO,a lidovců dokument podepsali,1,1
Aigerim TOLEUKANOVOVÁ,kazašská novinářka působící v,1,1
Aktuálně ČR,je velmi úspěšná v tom,1,1
Amir WEIZMAN,podmořský dokumentarista,1,1
Že KDU,ano ale je to deklaratorní,1,1
Zástupci KDU ČSL,si odpoledne taky chtějí vyslechnout,1,1
Zástupce EK,pro oblast klimatu v,1,1
Čang KCHAJ PO,napadený,1,1
Adriana GRUBNEROVÁ,návštěvnice restaurací,1,1
Adrian FERNANDEZ,organizace,1,1
Adhanom GHEBREYESUS,generální ředitel,1,1
Adelaide CHOKOEOVÁ,ošetřovatelka stromů v parcích,1,1
Alan SVOBODA,obchodní ředitel,1,1
Abiy AHMED,etiopský premiér,1,1
Abel MUSANA,ochránce národního parku ve,1,1
Abdul ABDI,neúspěšný kandidát konzervativců,1,1
Abdi ACHEGEI,nezisková organizace,1,1
Adam REZEK,režisér,1,1
Akt OVM,přijal generální ředitel,1,1
Alberto TESSERIN,správce baziliky sv,1,1
Alastair FORTHERGILL,producent,1,1
Abraham QUISPE,rybář,1,1
Ladislav AMBROZEK,místostarosta,1,1
Lada WAGNEROVÁ,turistka rodačka ze,1,1
Ladislav HOLEŠ,odbor životního prostředí,1,1
Mars MISSION,twitterový účet,1,1
Martin BARRY,architekt ředitel festivalu reSITe,1,1
Leonard KUNTZ,opravář,1,1
Mariupolu AZOS,město dál brání,1,1
Mami MIZURORIOVÁ,zvláštní zmocněnkyně generálního tajemníka,1,1
Lenka FIERLOVÁ,sestra oběti,1,1
Li HUEI LAN,sběračka čaje,1,1
Marie FIŽOVÁ,kronikářka,1,1
Mariana TELEKEŠOVÁ,organizátorka protestu,1,1
Lesů ČR,které tak jak v té,1,1
Lesy ČR,vydaly,1,1
Lesy ČR,vybírají těžební společnosti na kalamitní,1,1
Lesy ČR,obchodovaly se,1,1
Laďka SKOPOVÁ,divačka,1,1
Konference OSN,o globálním oteplování,1,1
Krista MIKKONENOVÁ,finská ministryně životního prostředí,1,1
Komisariát OSN,pro uprchlíky nebo,1,1
Koaliční ČSSD,ho nepodpořila projedná ho až,1,1
Koalici SPOLU,by podle průběžných informací mohlo,1,1
Ko BARRETTOVÁ,vícepředkyně,1,1
Klára STOLINSKÁ,spoluorganizátorka akce,1,1
Kryscina CIMANOUSKÁ,běloruská atletka,1,1
Klára KOŠINOVÁ,doktorandka,1,1
Martin KUKUČKA,režisér,1,1
Martin KOPECKÝ,spoluautor studie,1,1
Klaus IOHANNIS,rumunský prezident,1,1
Kitty FERGUSONOVÁ,autorka životopisu,1,1
Klára HLAVÁČKOVÁ,návštěvnice,1,1
Kmotr VR,protože je to jeden z,1,1
Ladislav ŠIGUT,doktorand,1,1
Klára PUČEROVÁ,kurátorka výstavy,1,1
Marian JUREČKA,opoziční zastupitel,1,1
Marcela ONDŘEJOVÁ,advokátka,1,1
Marcela KALUŽÍKOVÁ,obec,1,1
Marcel KOLAJA,zvolený místopředseda,1,1
Marco VIANELLO,restaurátor,1,1
Lucino NEZZI,brazilský farmář,1,1
Luděk KŘEPELKA,kombajnista,1,1
Lesy ČR,ale pro všechny vlastníky v,1,1
Manuel SANTOS,kolumbijský prezident,1,1
Lucie SMOLKOVÁ,spoluorganizátorka,1,1
Lucie SMOLKOVÁ,pořadatelka,1,1
Lucie SMOLKOVÁ,hnutí,1,1
Mairi GOUGEONOVÁ,skotská ministrině životního prostředí,1,1
Management ČEZ,se k tomu může nějak,1,1
Lucie CWIKOVÁ,lékařka,1,1
Maira KELLERSOVÁ,demonstrují studentka,1,1
Manuela SCHWESIGOVÁ,ministerská předsedkyně,1,1
Leoš KUBELKA,sportovní rybář,1,1
Levice NATO,považujeme za úplně přežité a,1,1
Marek LOULA,vrchní ředitel,1,1
Marel VELEBNÝ,divák,1,1
Maria CALISAYOVÁ,dobrovolnice,1,1
Livia KLAUSOVÁ,manželka prezidenta,1,1
Lisa MURKOWSKIOVÁ,republikánská senátorka,1,1
Lisa MUMFORDOVÁ,účastnice protestu,1,1
Marco LAMBERTINI,generální ředitel,1,1
Light BENJAMIN,zpěvačka,1,1
Lidové REPUBLIKY,prohlášení,1,1
Libor STRAKOŠ,výrobní náměstek,1,1
Lisa MURKOEWSKLOVÁ,republikánská senátorka,1,1
Luc PIGUET,generální ředitel společnosti,1,1
Luc MÉLENCHON,hnutí,1,1
Marek KVETAN,výtvarník,1,1
Marco TEDESCO,observatoř,1,1
Lindsey GRAHAM,republikánský předseda právního výboru,1,1
Peníze EU,pro hornické regiony,1,1
Heslo ODS,o zemi která vítězí je,1,1
Hnutí ANO,obsadilo hejtmanský post a spolu,1,1
Hnutí ANO,nechce zvedat daně ad,1,1
Hnutí ANO,navrhlo na posty místopředsedů,1,1
Hnutí ANO,má pak sedm mandátů no,1,1
Hnutí ANO,bude za úspěch považovat když,1,1
Jesse KATAJAMA,japonský turista,1,1
Pavel ŠOLTYS,náměsek hejtmana,1,1
Pavla SVRČINOVÁ,hlavní hygienička,1,1
Hnutím ANO,a vůbec jsme nekomunikovali s,1,1
Hnutí STAN,budou ve vládě zastupovat ministři,1,1
Hnutí SPD,v kampani sází na své,1,1
Hřiba PPP,projekty tedy formou spolupráce se,1,1
Hnutí DUHA,že by se pouze kácelo,1,1
Hnutí DUHA,ve spolupráci s městem,1,1
India BROWNOVÁ,fanynka britské královské rodiny,1,1
Harald WEBER,energetický expert,1,1
Hedvika KLÍMOVÁ,protestující,1,1
Hector CORDOVA,důlní inženýr bývalý ředitel důlní,1,1
Hnutí DUHA,dobrý večer,1,1
Hnutí DUHA,ale my se snažíme aby,1,1
Hnutí DUHA,a s nimi správce lesů,1,1
Hnutí ANO,také navrhuje zákon o lobbingu,1,1
Peem PRASERTSUNTARASAIOVÁ,účastnice protestů,1,1
Hnutí ANO,pane,1,1
Hnutí SPD,je zásadně proti zvyšování daní,1,1
Hnutí SPD,dále trvá na poměrném zastoupení,1,1
Peter MCKENNA,šéfkuchař majitel,1,1
Peteri TAALAS,generální tajemník,1,1
Hnutí DUHA,i osobní váš názor je,1,1
Hnutí ANO,ale výtky odmítá,1,1
Pekarová ADAMOVÁ,predsedníčka českej,1,1
Hnutí ANO,se nově rozhodlo že také,1,1
Jack KENNEDY SCHLOSSBERG,vnuk,1,1
Pavel NAVRÁTIL,místostarosta,1,1
Jakub PŠENIČKA,provozní hotelu,1,1
Jakub PFEIFER,veterinární lékař,1,1
Jan BAJKO,agronom,1,1
Pavel FARSKÝ,místostarosta,1,1
Pavel II,tehdy jeho popularita byla přes,1,1
Hnutí DUHA,to znamená že si představovali,1,1
Paula PEDREROSOVÁ,agronomka,1,1
Jan BARTOŠKA,autor aplikace,1,1
Paul NICKLEN,kanadský fotograf a biolog,1,1
Pavel BOJANOVSKÝ,včelař,1,1
Paulo ARTAXO,hlavní autor zprávy,1,1
Paulo ARTAKSO,avtor poročila,1,1
Patricia ESPINOSOVÁ,generální tajemnice,1,1
Pat LACEYOVÁ,prapraneteř kapitána,1,1
Jakub OTČENÁŠEK,dramaturg,1,1
Hnutí DUHA,tak to by samozřejmě dalo,1,1
Hnutí DUHA,na tisíc dvě stě lidí,1,1
Hnutí DUHA,které na to upozorňuje opakovaně,1,1
Holding EPH,podnikatele,1,1
Pavel STOULIL,železniční expert fakulta dopravní,1,1
Pavel ZÁMYSLICKÝ,hlavní vyjednavač,1,1
Ishmael OTAGA,kávový farmář,1,1
Jacques FLAMAND,veterinář divokých zvířat,1,1
Iva SYNÁKOVÁ,divačka,1,1
Irodi KADAGIŠVILI,velitel,1,1
Jak SPD,tak i,1,1
Jair BOSLONARO,zvolený prezident,1,1
Jair BONSONARO,brazilský prezident,1,1
Jair BOLSONARO,brazilský prezident zdroj,1,1
Ivana ŠIRCOVÁ,návštěvnice,1,1
Ivo OTÁHAL,zoolog,1,1
Iryna VEREŠČUKOVÁ,ukrajinská vicepremiérka,1,1
Podle OSN,je to důsledek klimatických změn,1,1
Petr ŠTĚPÁNEK,architekt člen řídícího výboru,1,1
František EXNER,generální ředitel,1,1
František BOSTL,makléř,1,1
František SKÁLA,výtvarník účastník protestu,1,1
Francisco ABEL,muž zasažený požáry,1,1
František BEZDĚK,kněz duchovní garant školy,1,1
Petr BÍLEK,výrobní ředitel,1,1
Petr VONDRÁK,veterinář z,1,1
Firma NWR,se proto teď chystá zavřít,1,1
Filippo GRANDI,vysoký komisař,1,1
Filipe KSČM,dlouhodobě a vy jste to,1,1
Filipa KSČM,oceňuje že se je kabinetu,1,1
Freitas MOHALLEM,organizátor,1,1
Fredrik SEJERSTED,norský vrchní státní zástupce,1,1
Frederik ŠPANER,provozní kavárna,1,1
Petr VYHLÍDAL,divák,1,1
Projevme EU,víc úcty a nekazme stále,1,1
Federica MOGHERINIOVÁ,šéfka unijní diplomacie,1,1
Fiet HAYUOVÁ,veterinářka,1,1
Fernando TERMIS,španělský turista,1,1
Petro POROŠENKO,ukrajinský prezident,1,1
Petra WEINHOLDOVÁ,učitelka,1,1
Petra ROUBÍČKOVÁ,tisková mluvčí ministerstva životního prostředí,1,1
Podle OSN,je třeba výrazné omezení emisí,1,1
Petra HÁJKOVÁ,paleobotanička,1,1
Petr ŽEBRÁK,výrobní ředitel,1,1
Petra RAJSNEROVÁ,experimentální stanice,1,1
Podle OSN,vzroste počet požárů,1,1
Podle OSN,stoupla průměrná teplota od roku,1,1
Podle OSN,se klima vymklo kontrole a,1,1
Podle OSN,se jejich počet za posledních,1,1
Podle OSN,kvůli životnímu prostředí každoročně přijdou,1,1
Federika MOGHERINIOVÁ,šéfka evropské diplomacie oprava,1,1
Hana DVOŘÁKOVÁ,žena šijící vaky pro přeživší,1,1
Hartmut DUDDE,velitel zásahu na summitu,1,1
Petr HAMPL,obchodní ředitel,1,1
Hamíd KARZÁÍ,bývalý afghánský prezident,1,1
Hamáčka ČSSD,trvá na dodržování ústavy celou,1,1
Hagen KOHL,podporovatel,1,1
Gyile NEWMANOVÁ,svědkyně atentátu na,1,1
Gantsetseg CHIMEDTSERENOVÁ,konzultantka,1,1
Guy VERHOFSTADT,belgický europoslanec,1,1
Greens EFA,jednoho z těch dvou kandidátů,1,1
Greenpeace DUHA,zástupci krajů a tak dále,1,1
Grospiči KSČM,má nějaký konkrétní plán v,1,1
Hilda ANDERSONOVÁ PYRZOVÁ,sestra zmizelé dívky,1,1
Petr DOUBRAVSKÝ,spoluorganizátor protestu,1,1
Petr DVOŘÁK,generální ředitel,1,1
Hasan MINHAJ,komik,1,1
Guy VERHOFSTADT,belgický europoslanec a šéf liberálů,1,1
František TICHÝ,spisovatel,1,1
František SOUKUP,kapelník,1,1
Frauke PETRYOVÁ,šéfka strany,1,1
Frauke PATRYOVÁ,šéfka strany,1,1
František ZADINA,brig,1,1
Petr MARTÍNEK,investiční ředitel,1,1
Giovani TAPANG,účastník demonstrace v,1,1
Hal HARVEY,energetický analytik,1,1
Greens EFA,to jsou ty evropské vlastně,1,1
Generation EU,úspěšný musíme být jisti že,1,1
Generation EU,je spojený s těmito agendami,1,1
Gary DINHAM,pracovník národních parků,1,1
Garnett HALL,veterinář,1,1
Gabriel DIAZ,protestující,1,1
Furt AP,svou,1,1
Hamdija KANDIČ,rybář,1,1
Giles EPONE,organizátor tábora tzv,1,1
Na ISS,má finance,1,1
Na EU,připadá jak už tady zaznělo,1,1
Na CNN,teď uveřejnili jeden z průzkumů,1,1
Má OKD,vůbec šanci se z dluhu,1,1
Mulyani INDRAWATOVÁ,indonéská ministryně financí,1,1
Muhammad NAŠÍD,odstupující prezident,1,1
Muhammad NAŠÍD,bývalý maledivský prezident,1,1
Jan KAJGR,chovatel,1,1
Motonobu KIMURA,jihokorejský obchodník s rybami,1,1
Mostafa SILÍTOVÁ,egyptské ministerstvo pro vodní zdroje,1,1
Monika BEJČKOVÁ,lesní,1,1
Molu ČOI,se sahající to už,1,1
Mohammad TAREF,pěstitel banánů,1,1
Moskevské CSKA,nakonec přehrálo,1,1
Moses AKORLI,ghanský rybář,1,1
Jason LYALL,univerzita v,1,1
Muchar ABLJAZOV,bývalý kazašský ministr v exilu,1,1
Negativním PCR,testem se musejí všichni prokázat,1,1
Nedostatky NKÚ,zjistil i u příjemců,1,1
Naďa PROKOPOVÁ,poškozená řidička z,1,1
Nick SHAPIRO,bývalý spolupracovník,1,1
Nathan SCHULHOFF,účastník protestu v,1,1
Nejméně CD,i já antuku když už,1,1
Neil MILLS,návštěvník,1,1
Na SZDČ,se mají teď snášet požadavky,1,1
Naopak ODS,a komunisti chtěli podmínky účasti,1,1
Nancy REAGANOVÁ,manželka bývalého amerického prezidenta,1,1
Navíc NKÚ,podle názoru našich expertů na,1,1
Jaroslav MIKOLÁŠ,jedatel,1,1
Jaroslav SOVEK,hospodář rybářského spolku,1,1
Jaroslav PEKÁREK,observatoř,1,1
Jaroslav ŠLECHTA,návštěvník,1,1
Na ÚP,způsobují civilní oběti protože ten,1,1
Neil BURDEN,příznivce brexitu,1,1
Jeremy CORBYN,vůdce labouristů britský parlament,1,1
Jeremy CORBYN,opoziční lídr labouristů,1,1
Jeff LOPEZ,postižený hurikánem,1,1
Jenže ŘSD,které tady zastupuje stát tenkrát,1,1
Jens STOLTENBERG,generální sekretář,1,1
Jiří GAVOR,energetický expert analytik,1,1
Jiří GAVOR,energetický analytik jednatel,1,1
Jel ODS,sahá,1,1
Milton PEREZ,inženýr,1,1
Miroslav BUCHTA,rybář,1,1
Jill LEWISOVÁ,demonstrantka,1,1
Jill COOKOVÁ,kurátorka,1,1
Jitka BLÁHOVÁ,delegátka,1,1
Jirka MALÍK,občanské sdružení,1,1
Miloš KOVÁŘ,lesník firmy,1,1
Jevgenij BOGATYRJOV,hasič,1,1
Mimochodem USA,jsou druhým největším producentem s,1,1
Jekatěrina JAKOVLEVOVÁ,pořadatelka akce,1,1
Jeho PIN,spis dřív,1,1
Jeho CNN,je ale dnes jedním z,1,1
Mohamed HAMET,generál velitel súdánské pozemní divize,1,1
Mnislav ZELENÝ,etnolog spisovatel,1,1
Mmadi REUBEN,vrchní veterinář botswanských národních parků,1,1
Jeans STOLTENBERG,generální tajemník,1,1
Jen FIA,je no tak ho,1,1
Miroslava PLŠKOVÁ,geologická pracovnice,1,1
Mitch MCCONNELL,vůdce republikánské menšiny v,1,1
Mitch MCCONNELL,republikánský senátor zdroj,1,1
Mirto KIRUSIOVÁ,nezaměstnaná,1,1
Jasmin DUREGGEROVÁ,ochránkyně přírody,1,1
Jaroslava REZLEROVÁ,generální ředitelka,1,1
Miroslav SKÁCEL,pracovník,1,1
Miroslav PÁLKA,dobrovolný hasič,1,1
Jay ZIDMAN,dobrovolník v kampani,1,1
Organizace OSN,vyzvala k mezinárodní pomoci,1,1
Ondřej ŠIROKÝ,kino,1,1
Ondřej ZDERADIČKA,delegát českých cestovních kanceláří,1,1
Osvaldo STELA,nezisková organizace,1,1
Jan KRAJHANZL,autor výzkumu katedra enviromentálních studií,1,1
Ondřej MONDEK,soused majitel pozemků v okolí,1,1
Ondřej VANK,záchranář,1,1
Jaroslav KOLAŘÍK,arborista,1,1
Jan WOLF,odborný asistent,1,1
Jan ŠAFÁŘ,výzkumný pracovník,1,1
On ESM,tedy evropský servisní,1,1
Ondřej KONEČNÝ,vinař sklepmistr,1,1
Olivia REDINGOVÁ,turistka,1,1
Oliver STEEDS,výzkumný institut,1,1
Jan ROYT,prorektor,1,1
Jan SEHNAL,hlavní inženýr projektu,1,1
Jan VLAŠIC,místostarosta,1,1
Jan KIMLA,obchodní ředitel,1,1
Pascal CANFIN,iniciátor rezoluce europoslanec,1,1
Paris STEFANOUDIS,výzkumný institut,1,1
Papež FRANTIŠEK,nejvyšší představitel katolické církve,1,1
Patrick CAREY,tamní obyvatel,1,1
Paolo VIELMO,inženýr,1,1
Panaiotis SILIAIDIS,postižený požáry,1,1
Osamu OKAMURA,architekt a kurátor,1,1
Pan HAVLAS,manžel,1,1
Jan NOVOTNÝ,prodejce stavebního řeziva,1,1
Jan POLÁŠEK,protestující,1,1
Jan ROVENSKÝ,organizátor pochodu,1,1
Ostravak ANO,předložilo dodatečné požadavky týkající se,1,1
Osamu OKAMURA,architekt a urbanista,1,1
Jan KYSELA,ústavní právník,1,1
Ondřej SKULINA,agronom,1,1
Jan HODOVSKÝ,generální ředitel,1,1
Nové OZE,se tu nestaví už výrazně,1,1
Nová ODS,ani náhodou,1,1
Nikolaj LEVKOVSKIJ,psovod,1,1
Nicolás MADURO,venezuelský prezident,1,1
Nora MORALESESOVÁ,protestující,1,1
Noor SHUHADAHOVÁ,vládní zaměstnankyně,1,1
Jaromír KUBŮ,kasteálán,1,1
Jana JELÍNKOVÁ,zmrzlinářka,1,1
Nicole HUNTEROVÁ,záchranná a rehabilitační bioložka,1,1
Nicola STURGEONOVÁ,vůdkyně,1,1
Nicola STURGEONOVÁ,skotská první ministryně,1,1
Nicola STURGEONOVÁ,skotská premiérka a předsedkyně,1,1
Jana TROJANOVÁ,organizátorka,1,1
Jana ČIKINOVÁ,rozhodčí,1,1
Jari SALMINER,univerzitní profesor,1,1
Janko CIGANJJIK,muž zasažený požáry,1,1
Nicole STURGEONOVÁ,skotská premiérka,1,1
Jana HOŘEJŠÍ,vrchní sestra,1,1
Olga MENZELOVÁ,producentka výstavy,1,1
Jana MACKOVÁ,půdní bioložka,1,1
Jana KALOUSOVÁ,čtenářka,1,1
Německá SPD,má nové vedení,1,1
Názor EU,znáte,1,1
Oldřich ČÍŽEK,spolumajitel jídelny,1,1
Olaf SCHOLZ,německý vicekancléř a ministr financí,1,1
Nyoman SURYADIPUTRA,společnost na ochranu mokřadů,1,1
Odstoupení USA,od pařížské dohody o boji,1,1
Odstoupení USA,od klimatické dohody,1,1
Odpuštění DPH,by nejvíce pomohlo velkým odběratelům,1,1
Ochrany PŘÍRODY,oficiální zpráva,1,1
Nissan LEAF,začínají zhruba na dvojnásobku,1,1
Nikos LOUTOS,protestující,1,1
Návrat USA,k pařížské klimatické dohodě,1,1
Námořní INSTITUT,prohlášení,1,1
Jan ŠVEJDAR,policejní prezident,1,1
